{
"__comment": "Designed by Optimus0812 with BDcraft Cubik PRO 0.95 Beta - http://bdcraft.net",
"textures": {
    "log_oak": "blocks/log_oak",
    "wool_colored_silver": "blocks/wool_colored_silver",
    "planks_oak": "blocks/planks_oak",
    "anvil_base": "blocks/anvil_base",
    "Crossbow-5": "3D/Crossbow-5"
},
"elements": [ 
{
    "__comment": "1",
    "from": [ 7.5, 3.5, 9 ],
    "to": [ 8.5, 12.5, 10 ],
    "faces": {
        "down":  { "uv": [ 8.5, 10, 7.5, 9 ], "texture": "#log_oak" },
        "up":    { "uv": [ 7.5, 9, 8.5, 10 ], "texture": "#log_oak" },
        "north": { "uv": [ 7.5, 3.5, 8.5, 12.5 ], "texture": "#log_oak" },
        "south": { "uv": [ 7.5, 3.5, 8.5, 12.5 ], "texture": "#log_oak" },
        "west":  { "uv": [ 9, 3.5, 10, 12.5 ], "texture": "#log_oak" },
        "east":  { "uv": [ 6, 3.5, 7, 12.5 ], "texture": "#log_oak" }
    }
},
{
    "__comment": "1",
    "from": [ 7.5, -4.5, 9 ],
    "to": [ 8.5, 3.5, 10 ],
    "rotation": { "origin": [ 7.5, 3.5, 9 ], "axis": "x", "angle": -22.5 },
    "faces": {
        "down":  { "uv": [ 16, 10, 16, 9 ], "texture": "#log_oak" },
        "up":    { "uv": [ 0, 9, 0, 10 ], "texture": "#log_oak" },
        "north": { "uv": [ 16, 0, 16, 6 ], "texture": "#log_oak" },
        "south": { "uv": [ 0, 0, 0, 6 ], "texture": "#log_oak" },
        "west":  { "uv": [ 9, 0, 10, 6 ], "texture": "#log_oak" },
        "east":  { "uv": [ 6, 0, 7, 6 ], "texture": "#log_oak" }
    }
},
{
    "__comment": "3",
    "from": [ 7.24, 7.75, 7 ],
    "to": [ 7.74, 8.25, 20.5 ],
    "faces": {
        "down":  { "uv": [ 8.76, 16, 8.26, 7 ], "texture": "#planks_oak" },
        "up":    { "uv": [ 7.24, 7, 7.74, 16 ], "texture": "#planks_oak" },
        "north": { "uv": [ 8.26, 7.75, 8.76, 8.25 ], "texture": "#planks_oak" },
        "south": { "uv": [ 7.24, 7.75, 7.74, 8.25 ], "texture": "#planks_oak" },
        "west":  { "uv": [ 7, 7.75, 16, 8.25 ], "texture": "#planks_oak" },
        "east":  { "uv": [ 0, 7.75, 9, 8.25 ], "texture": "#planks_oak" }
    }
},
{
    "__comment": "1",
    "from": [ 7.5, 11.875, 12.0625 ],
    "to": [ 8.5, 19.875, 13.0625 ],
    "rotation": { "origin": [ 7.5, 19.875, 12.0625 ], "axis": "x", "angle": 22.5 },
    "faces": {
        "down":  { "uv": [ 16, 10, 16, 9 ], "texture": "#log_oak" },
        "up":    { "uv": [ 0, 9, 0, 10 ], "texture": "#log_oak" },
        "north": { "uv": [ 16, 0, 16, 6 ], "texture": "#log_oak" },
        "south": { "uv": [ 0, 0, 0, 6 ], "texture": "#log_oak" },
        "west":  { "uv": [ 9, 0, 10, 6 ], "texture": "#log_oak" },
        "east":  { "uv": [ 6, 0, 7, 6 ], "texture": "#log_oak" }
    }
},
{
    "__comment": "2",
    "from": [ 7.25, 9.5625, 8.875 ],
    "to": [ 8.75, 10.5625, 10.375 ],
    "rotation": { "origin": [ 7.25, 10.5625, 8.875 ], "axis": "x", "angle": 22.5 },
    "faces": {
        "down":  { "uv": [ 8.75, 7.25, 7.25, 5.75 ], "texture": "#wool_colored_silver" },
        "up":    { "uv": [ 7.25, 5.75, 8.75, 7.25 ], "texture": "#wool_colored_silver" },
        "north": { "uv": [ 7.25, 6.5, 8.75, 7.5 ], "texture": "#wool_colored_silver" },
        "south": { "uv": [ 7.25, 6.5, 8.75, 7.5 ], "texture": "#wool_colored_silver" },
        "west":  { "uv": [ 5.75, 6.5, 7.25, 7.5 ], "texture": "#wool_colored_silver" },
        "east":  { "uv": [ 8.75, 6.5, 10.25, 7.5 ], "texture": "#wool_colored_silver" }
    }
},
{
    "__comment": "2",
    "from": [ 7.25, 7, 8.75 ],
    "to": [ 8.75, 8, 10.25 ],
    "faces": {
        "down":  { "uv": [ 8.75, 10.25, 7.25, 8.75 ], "texture": "#wool_colored_silver" },
        "up":    { "uv": [ 7.25, 8.75, 8.75, 10.25 ], "texture": "#wool_colored_silver" },
        "north": { "uv": [ 7.25, 8, 8.75, 9 ], "texture": "#wool_colored_silver" },
        "south": { "uv": [ 7.25, 8, 8.75, 9 ], "texture": "#wool_colored_silver" },
        "west":  { "uv": [ 8.75, 8, 10.25, 9 ], "texture": "#wool_colored_silver" },
        "east":  { "uv": [ 5.75, 8, 7.25, 9 ], "texture": "#wool_colored_silver" }
    }
},
{
    "__comment": "2",
    "from": [ 7.375, 9.5, 8.875 ],
    "to": [ 8.625, 10.5, 10.125 ],
    "faces": {
        "down":  { "uv": [ 8.625, 10.125, 7.375, 8.875 ], "texture": "#wool_colored_silver" },
        "up":    { "uv": [ 7.375, 8.875, 8.625, 10.125 ], "texture": "#wool_colored_silver" },
        "north": { "uv": [ 7.375, 5.5, 8.625, 6.5 ], "texture": "#wool_colored_silver" },
        "south": { "uv": [ 7.375, 5.5, 8.625, 6.5 ], "texture": "#wool_colored_silver" },
        "west":  { "uv": [ 8.875, 5.5, 10.125, 6.5 ], "texture": "#wool_colored_silver" },
        "east":  { "uv": [ 5.875, 5.5, 7.125, 6.5 ], "texture": "#wool_colored_silver" }
    }
},
{
    "__comment": "2",
    "from": [ 7.375, 6.5, 8.875 ],
    "to": [ 8.625, 7.5, 10.125 ],
    "faces": {
        "down":  { "uv": [ 8.625, 10.125, 7.375, 8.875 ], "texture": "#wool_colored_silver" },
        "up":    { "uv": [ 7.375, 8.875, 8.625, 10.125 ], "texture": "#wool_colored_silver" },
        "north": { "uv": [ 7.375, 8.5, 8.625, 9.5 ], "texture": "#wool_colored_silver" },
        "south": { "uv": [ 7.375, 8.5, 8.625, 9.5 ], "texture": "#wool_colored_silver" },
        "west":  { "uv": [ 8.875, 8.5, 10.125, 9.5 ], "texture": "#wool_colored_silver" },
        "east":  { "uv": [ 5.875, 8.5, 7.125, 9.5 ], "texture": "#wool_colored_silver" }
    }
},
{
    "__comment": "2",
    "from": [ 7.375, 8, 8.875 ],
    "to": [ 8.625, 9, 10.125 ],
    "faces": {
        "down":  { "uv": [ 8.625, 10.125, 7.375, 8.875 ], "texture": "#wool_colored_silver" },
        "up":    { "uv": [ 7.375, 8.875, 8.625, 10.125 ], "texture": "#wool_colored_silver" },
        "north": { "uv": [ 7.375, 7, 8.625, 8 ], "texture": "#wool_colored_silver" },
        "south": { "uv": [ 7.375, 7, 8.625, 8 ], "texture": "#wool_colored_silver" },
        "west":  { "uv": [ 8.875, 7, 10.125, 8 ], "texture": "#wool_colored_silver" },
        "east":  { "uv": [ 5.875, 7, 7.125, 8 ], "texture": "#wool_colored_silver" }
    }
},
{
    "__comment": "4",
    "from": [ 7.24, 7.75, 6 ],
    "to": [ 7.74, 8.25, 7 ],
    "faces": {
        "down":  { "uv": [ 8.76, 7, 8.26, 6 ], "texture": "#Crossbow-5" },
        "up":    { "uv": [ 7.24, 6, 7.74, 7 ], "texture": "#Crossbow-5" },
        "north": { "uv": [ 8.26, 7.75, 8.76, 8.25 ], "texture": "#Crossbow-5" },
        "south": { "uv": [ 7.24, 7.75, 7.74, 8.25 ], "texture": "#Crossbow-5" },
        "west":  { "uv": [ 6, 7.75, 7, 8.25 ], "texture": "#Crossbow-5" },
        "east":  { "uv": [ 9, 7.75, 10, 8.25 ], "texture": "#Crossbow-5" }
    }
},
{
    "__comment": "4",
    "from": [ 7.24, 7.75, 6 ],
    "to": [ 7.74, 8.25, 7 ],
    "rotation": { "origin": [ 7.24, 8.25, 6 ], "axis": "x", "angle": -22.5 },
    "faces": {
        "down":  { "uv": [ 9, 3, 8.5, 2 ], "texture": "#Crossbow-5" },
        "up":    { "uv": [ 7, 2, 7.5, 3 ], "texture": "#Crossbow-5" },
        "north": { "uv": [ 8.5, 8, 9, 8.5 ], "texture": "#Crossbow-5" },
        "south": { "uv": [ 7, 8, 7.5, 8.5 ], "texture": "#Crossbow-5" },
        "west":  { "uv": [ 2, 8, 3, 8.5 ], "texture": "#Crossbow-5" },
        "east":  { "uv": [ 13, 8, 14, 8.5 ], "texture": "#Crossbow-5" }
    }
},
{
    "__comment": "4",
    "from": [ 7.24, 7.71, 6.1875 ],
    "to": [ 7.74, 8.21, 7.1875 ],
    "rotation": { "origin": [ 7.24, 8.21, 6.1875 ], "axis": "x", "angle": 22.5 },
    "faces": {
        "down":  { "uv": [ 9, 3, 8.5, 2 ], "texture": "#Crossbow-5" },
        "up":    { "uv": [ 7, 2, 7.5, 3 ], "texture": "#Crossbow-5" },
        "north": { "uv": [ 8.5, 8, 9, 8.5 ], "texture": "#Crossbow-5" },
        "south": { "uv": [ 7, 8, 7.5, 8.5 ], "texture": "#Crossbow-5" },
        "west":  { "uv": [ 2, 8, 3, 8.5 ], "texture": "#Crossbow-5" },
        "east":  { "uv": [ 13, 8, 14, 8.5 ], "texture": "#Crossbow-5" }
    }
},
{
    "__comment": "4",
    "from": [ 7.24, 7.75, 6 ],
    "to": [ 7.74, 8.25, 7 ],
    "rotation": { "origin": [ 7.24, 7.75, 6 ], "axis": "y", "angle": -22.5 },
    "faces": {
        "down":  { "uv": [ 9, 3, 8.5, 2 ], "texture": "#Crossbow-5" },
        "up":    { "uv": [ 7, 2, 7.5, 3 ], "texture": "#Crossbow-5" },
        "north": { "uv": [ 8.5, 8, 9, 8.5 ], "texture": "#Crossbow-5" },
        "south": { "uv": [ 7, 8, 7.5, 8.5 ], "texture": "#Crossbow-5" },
        "west":  { "uv": [ 2, 8, 3, 8.5 ], "texture": "#Crossbow-5" },
        "east":  { "uv": [ 13, 8, 14, 8.5 ], "texture": "#Crossbow-5" }
    }
},
{
    "__comment": "4",
    "from": [ 7.2825, 7.75, 6.1875 ],
    "to": [ 7.7825, 8.25, 7.1875 ],
    "rotation": { "origin": [ 7.2825, 7.75, 6.1875 ], "axis": "y", "angle": 22.5 },
    "faces": {
        "down":  { "uv": [ 9, 3, 8.5, 2 ], "texture": "#Crossbow-5" },
        "up":    { "uv": [ 7, 2, 7.5, 3 ], "texture": "#Crossbow-5" },
        "north": { "uv": [ 8.5, 8, 9, 8.5 ], "texture": "#Crossbow-5" },
        "south": { "uv": [ 7, 8, 7.5, 8.5 ], "texture": "#Crossbow-5" },
        "west":  { "uv": [ 2, 8, 3, 8.5 ], "texture": "#Crossbow-5" },
        "east":  { "uv": [ 13, 8, 14, 8.5 ], "texture": "#Crossbow-5" }
    }
},
{
    "__comment": "2",
    "from": [ 7.25, 9, 8.75 ],
    "to": [ 8.75, 10, 10.25 ],
    "faces": {
        "down":  { "uv": [ 8.75, 7.25, 7.25, 5.75 ], "texture": "#wool_colored_silver" },
        "up":    { "uv": [ 7.25, 5.75, 8.75, 7.25 ], "texture": "#wool_colored_silver" },
        "north": { "uv": [ 7.25, 6.5, 8.75, 7.5 ], "texture": "#wool_colored_silver" },
        "south": { "uv": [ 7.25, 6.5, 8.75, 7.5 ], "texture": "#wool_colored_silver" },
        "west":  { "uv": [ 5.75, 6.5, 7.25, 7.5 ], "texture": "#wool_colored_silver" },
        "east":  { "uv": [ 8.75, 6.5, 10.25, 7.5 ], "texture": "#wool_colored_silver" }
    }
},
{
    "__comment": "2",
    "from": [ 7.25, 6.625, 8.875 ],
    "to": [ 8.75, 7.625, 10.375 ],
    "rotation": { "origin": [ 7.25, 7.625, 8.875 ], "axis": "x", "angle": 22.5 },
    "faces": {
        "down":  { "uv": [ 8.75, 7.25, 7.25, 5.75 ], "texture": "#wool_colored_silver" },
        "up":    { "uv": [ 7.25, 5.75, 8.75, 7.25 ], "texture": "#wool_colored_silver" },
        "north": { "uv": [ 7.25, 6.5, 8.75, 7.5 ], "texture": "#wool_colored_silver" },
        "south": { "uv": [ 7.25, 6.5, 8.75, 7.5 ], "texture": "#wool_colored_silver" },
        "west":  { "uv": [ 5.75, 6.5, 7.25, 7.5 ], "texture": "#wool_colored_silver" },
        "east":  { "uv": [ 8.75, 6.5, 10.25, 7.5 ], "texture": "#wool_colored_silver" }
    }
},
{
    "__comment": "2",
    "from": [ 7.25, 7.8125, 8.8125 ],
    "to": [ 8.75, 8.3125, 10.3125 ],
    "rotation": { "origin": [ 7.25, 8.3125, 8.8125 ], "axis": "x", "angle": -45 },
    "faces": {
        "down":  { "uv": [ 8.75, 7.25, 7.25, 5.75 ], "texture": "#wool_colored_silver" },
        "up":    { "uv": [ 7.25, 5.75, 8.75, 7.25 ], "texture": "#wool_colored_silver" },
        "north": { "uv": [ 7.25, 6.5, 8.75, 7.5 ], "texture": "#wool_colored_silver" },
        "south": { "uv": [ 7.25, 6.5, 8.75, 7.5 ], "texture": "#wool_colored_silver" },
        "west":  { "uv": [ 5.75, 6.5, 7.25, 7.5 ], "texture": "#wool_colored_silver" },
        "east":  { "uv": [ 8.75, 6.5, 10.25, 7.5 ], "texture": "#wool_colored_silver" }
    }
},
{
    "__comment": "2",
    "from": [ 7.25, 8.9375, 8.9375 ],
    "to": [ 8.75, 9.4375, 10.4375 ],
    "rotation": { "origin": [ 7.25, 9.4375, 8.9375 ], "axis": "x", "angle": 22.5 },
    "faces": {
        "down":  { "uv": [ 8.75, 7.25, 7.25, 5.75 ], "texture": "#wool_colored_silver" },
        "up":    { "uv": [ 7.25, 5.75, 8.75, 7.25 ], "texture": "#wool_colored_silver" },
        "north": { "uv": [ 7.25, 6.5, 8.75, 7.5 ], "texture": "#wool_colored_silver" },
        "south": { "uv": [ 7.25, 6.5, 8.75, 7.5 ], "texture": "#wool_colored_silver" },
        "west":  { "uv": [ 5.75, 6.5, 7.25, 7.5 ], "texture": "#wool_colored_silver" },
        "east":  { "uv": [ 8.75, 6.5, 10.25, 7.5 ], "texture": "#wool_colored_silver" }
    }
},
{
    "__comment": "2",
    "from": [ 7.25, 8.125, 8.875 ],
    "to": [ 8.75, 8.625, 10.375 ],
    "rotation": { "origin": [ 7.25, 8.625, 8.875 ], "axis": "x", "angle": 22.5 },
    "faces": {
        "down":  { "uv": [ 8.75, 7.25, 7.25, 5.75 ], "texture": "#wool_colored_silver" },
        "up":    { "uv": [ 7.25, 5.75, 8.75, 7.25 ], "texture": "#wool_colored_silver" },
        "north": { "uv": [ 7.25, 6.5, 8.75, 7.5 ], "texture": "#wool_colored_silver" },
        "south": { "uv": [ 7.25, 6.5, 8.75, 7.5 ], "texture": "#wool_colored_silver" },
        "west":  { "uv": [ 5.75, 6.5, 7.25, 7.5 ], "texture": "#wool_colored_silver" },
        "east":  { "uv": [ 8.75, 6.5, 10.25, 7.5 ], "texture": "#wool_colored_silver" }
    }
},
{
    "__comment": "2",
    "from": [ 7.375, 10.5, 8.875 ],
    "to": [ 8.625, 11.5, 10.125 ],
    "faces": {
        "down":  { "uv": [ 8.625, 10.125, 7.375, 8.875 ], "texture": "#wool_colored_silver" },
        "up":    { "uv": [ 7.375, 8.875, 8.625, 10.125 ], "texture": "#wool_colored_silver" },
        "north": { "uv": [ 7.375, 4.5, 8.625, 5.5 ], "texture": "#wool_colored_silver" },
        "south": { "uv": [ 7.375, 4.5, 8.625, 5.5 ], "texture": "#wool_colored_silver" },
        "west":  { "uv": [ 8.875, 4.5, 10.125, 5.5 ], "texture": "#wool_colored_silver" },
        "east":  { "uv": [ 5.875, 4.5, 7.125, 5.5 ], "texture": "#wool_colored_silver" }
    }
},
{
    "__comment": "2",
    "from": [ 7.375, 5.5, 8.875 ],
    "to": [ 8.625, 6.5, 10.125 ],
    "faces": {
        "down":  { "uv": [ 8.625, 10.125, 7.375, 8.875 ], "texture": "#wool_colored_silver" },
        "up":    { "uv": [ 7.375, 8.875, 8.625, 10.125 ], "texture": "#wool_colored_silver" },
        "north": { "uv": [ 7.375, 9.5, 8.625, 10.5 ], "texture": "#wool_colored_silver" },
        "south": { "uv": [ 7.375, 9.5, 8.625, 10.5 ], "texture": "#wool_colored_silver" },
        "west":  { "uv": [ 8.875, 9.5, 10.125, 10.5 ], "texture": "#wool_colored_silver" },
        "east":  { "uv": [ 5.875, 9.5, 7.125, 10.5 ], "texture": "#wool_colored_silver" }
    }
},
{
    "__comment": "2",
    "from": [ 7.25, 5.6875, 8.8125 ],
    "to": [ 8.75, 6.1875, 10.3125 ],
    "rotation": { "origin": [ 7.25, 6.1875, 8.8125 ], "axis": "x", "angle": -22.5 },
    "faces": {
        "down":  { "uv": [ 8.75, 7.25, 7.25, 5.75 ], "texture": "#wool_colored_silver" },
        "up":    { "uv": [ 7.25, 5.75, 8.75, 7.25 ], "texture": "#wool_colored_silver" },
        "north": { "uv": [ 7.25, 6.5, 8.75, 7.5 ], "texture": "#wool_colored_silver" },
        "south": { "uv": [ 7.25, 6.5, 8.75, 7.5 ], "texture": "#wool_colored_silver" },
        "west":  { "uv": [ 5.75, 6.5, 7.25, 7.5 ], "texture": "#wool_colored_silver" },
        "east":  { "uv": [ 8.75, 6.5, 10.25, 7.5 ], "texture": "#wool_colored_silver" }
    }
},
{
    "__comment": "2",
    "from": [ 7.25, 9.375, 8.6875 ],
    "to": [ 8.75, 9.875, 10.1875 ],
    "rotation": { "origin": [ 7.25, 9.875, 8.6875 ], "axis": "x", "angle": -22.5 },
    "faces": {
        "down":  { "uv": [ 8.75, 7.25, 7.25, 5.75 ], "texture": "#wool_colored_silver" },
        "up":    { "uv": [ 7.25, 5.75, 8.75, 7.25 ], "texture": "#wool_colored_silver" },
        "north": { "uv": [ 7.25, 6.5, 8.75, 7.5 ], "texture": "#wool_colored_silver" },
        "south": { "uv": [ 7.25, 6.5, 8.75, 7.5 ], "texture": "#wool_colored_silver" },
        "west":  { "uv": [ 5.75, 6.5, 7.25, 7.5 ], "texture": "#wool_colored_silver" },
        "east":  { "uv": [ 8.75, 6.5, 10.25, 7.5 ], "texture": "#wool_colored_silver" }
    }
},
{
    "__comment": "1",
    "from": [ 7.5, -7.875, 12.0625 ],
    "to": [ 8.5, -3.875, 13.0625 ],
    "rotation": { "origin": [ 7.5, -3.875, 12.0625 ], "axis": "x", "angle": -45 },
    "faces": {
        "down":  { "uv": [ 16, 10, 16, 9 ], "texture": "#log_oak" },
        "up":    { "uv": [ 0, 9, 0, 10 ], "texture": "#log_oak" },
        "north": { "uv": [ 16, 0, 16, 6 ], "texture": "#log_oak" },
        "south": { "uv": [ 0, 0, 0, 6 ], "texture": "#log_oak" },
        "west":  { "uv": [ 9, 0, 10, 6 ], "texture": "#log_oak" },
        "east":  { "uv": [ 6, 0, 7, 6 ], "texture": "#log_oak" }
    }
},
{
    "__comment": "1",
    "from": [ 7.5, 18.6875, 14.8775 ],
    "to": [ 8.5, 22.6875, 15.8775 ],
    "rotation": { "origin": [ 7.5, 22.6875, 14.8775 ], "axis": "x", "angle": 45 },
    "faces": {
        "down":  { "uv": [ 16, 10, 16, 9 ], "texture": "#log_oak" },
        "up":    { "uv": [ 0, 9, 0, 10 ], "texture": "#log_oak" },
        "north": { "uv": [ 16, 0, 16, 6 ], "texture": "#log_oak" },
        "south": { "uv": [ 0, 0, 0, 6 ], "texture": "#log_oak" },
        "west":  { "uv": [ 9, 0, 10, 6 ], "texture": "#log_oak" },
        "east":  { "uv": [ 6, 0, 7, 6 ], "texture": "#log_oak" }
    }
},
{
    "__comment": "2",
    "from": [ 7.25, 5.6875, 8.8125 ],
    "to": [ 8.75, 6.1875, 10.3125 ],
    "rotation": { "origin": [ 7.25, 6.1875, 8.8125 ], "axis": "x", "angle": 22.5 },
    "faces": {
        "down":  { "uv": [ 8.75, 7.25, 7.25, 5.75 ], "texture": "#wool_colored_silver" },
        "up":    { "uv": [ 7.25, 5.75, 8.75, 7.25 ], "texture": "#wool_colored_silver" },
        "north": { "uv": [ 7.25, 6.5, 8.75, 7.5 ], "texture": "#wool_colored_silver" },
        "south": { "uv": [ 7.25, 6.5, 8.75, 7.5 ], "texture": "#wool_colored_silver" },
        "west":  { "uv": [ 5.75, 6.5, 7.25, 7.5 ], "texture": "#wool_colored_silver" },
        "east":  { "uv": [ 8.75, 6.5, 10.25, 7.5 ], "texture": "#wool_colored_silver" }
    }
},
{
    "__comment": "2",
    "from": [ 7.25, 10.375, 8.75 ],
    "to": [ 8.75, 10.875, 10.25 ],
    "rotation": { "origin": [ 7.25, 10.875, 8.75 ], "axis": "x", "angle": -22.5 },
    "faces": {
        "down":  { "uv": [ 8.75, 7.25, 7.25, 5.75 ], "texture": "#wool_colored_silver" },
        "up":    { "uv": [ 7.25, 5.75, 8.75, 7.25 ], "texture": "#wool_colored_silver" },
        "north": { "uv": [ 7.25, 6.5, 8.75, 7.5 ], "texture": "#wool_colored_silver" },
        "south": { "uv": [ 7.25, 6.5, 8.75, 7.5 ], "texture": "#wool_colored_silver" },
        "west":  { "uv": [ 5.75, 6.5, 7.25, 7.5 ], "texture": "#wool_colored_silver" },
        "east":  { "uv": [ 8.75, 6.5, 10.25, 7.5 ], "texture": "#wool_colored_silver" }
    }
},
{
    "__comment": "4",
    "from": [ 7.24, 7.8125, 19.385 ],
    "to": [ 7.74, 8.3125, 20.385 ],
    "rotation": { "origin": [ 7.24, 8.3125, 19.385 ], "axis": "x", "angle": -22.5 },
    "faces": {
        "down":  { "uv": [ 8.75, 11.5, 8.25, 10 ], "texture": "#Crossbow-5" },
        "up":    { "uv": [ 7.25, 10, 7.75, 11.5 ], "texture": "#Crossbow-5" },
        "north": { "uv": [ 8.25, 8, 8.75, 8.5 ], "texture": "#Crossbow-5" },
        "south": { "uv": [ 7.25, 8, 7.75, 8.5 ], "texture": "#Crossbow-5" },
        "west":  { "uv": [ 10, 8, 11.5, 8.5 ], "texture": "#Crossbow-5" },
        "east":  { "uv": [ 4.5, 8, 6, 8.5 ], "texture": "#Crossbow-5" }
    }
},
{
    "__comment": "4",
    "from": [ 7.24, 7.645, 19.5725 ],
    "to": [ 7.74, 8.145, 20.5725 ],
    "rotation": { "origin": [ 7.24, 8.145, 19.5725 ], "axis": "x", "angle": 22.5 },
    "faces": {
        "down":  { "uv": [ 8.75, 11.5, 8.25, 10 ], "texture": "#Crossbow-5" },
        "up":    { "uv": [ 7.25, 10, 7.75, 11.5 ], "texture": "#Crossbow-5" },
        "north": { "uv": [ 8.25, 8, 8.75, 8.5 ], "texture": "#Crossbow-5" },
        "south": { "uv": [ 7.25, 8, 7.75, 8.5 ], "texture": "#Crossbow-5" },
        "west":  { "uv": [ 10, 8, 11.5, 8.5 ], "texture": "#Crossbow-5" },
        "east":  { "uv": [ 4.5, 8, 6, 8.5 ], "texture": "#Crossbow-5" }
    }
},
{
    "__comment": "4",
    "from": [ 7.1675, 7.75, 19.385 ],
    "to": [ 7.6675, 8.25, 20.385 ],
    "rotation": { "origin": [ 7.1675, 7.75, 19.385 ], "axis": "y", "angle": -22.5 },
    "faces": {
        "down":  { "uv": [ 8.75, 11.5, 8.25, 10 ], "texture": "#Crossbow-5" },
        "up":    { "uv": [ 7.25, 10, 7.75, 11.5 ], "texture": "#Crossbow-5" },
        "north": { "uv": [ 8.25, 8, 8.75, 8.5 ], "texture": "#Crossbow-5" },
        "south": { "uv": [ 7.25, 8, 7.75, 8.5 ], "texture": "#Crossbow-5" },
        "west":  { "uv": [ 10, 8, 11.5, 8.5 ], "texture": "#Crossbow-5" },
        "east":  { "uv": [ 4.5, 8, 6, 8.5 ], "texture": "#Crossbow-5" }
    }
},
{
    "__comment": "4",
    "from": [ 7.365, 7.75, 19.5625 ],
    "to": [ 7.865, 8.25, 20.5625 ],
    "rotation": { "origin": [ 7.365, 7.75, 19.5625 ], "axis": "y", "angle": 22.5 },
    "faces": {
        "down":  { "uv": [ 8.75, 11.5, 8.25, 10 ], "texture": "#Crossbow-5" },
        "up":    { "uv": [ 7.25, 10, 7.75, 11.5 ], "texture": "#Crossbow-5" },
        "north": { "uv": [ 8.25, 8, 8.75, 8.5 ], "texture": "#Crossbow-5" },
        "south": { "uv": [ 7.25, 8, 7.75, 8.5 ], "texture": "#Crossbow-5" },
        "west":  { "uv": [ 10, 8, 11.5, 8.5 ], "texture": "#Crossbow-5" },
        "east":  { "uv": [ 4.5, 8, 6, 8.5 ], "texture": "#Crossbow-5" }
    }
},
{
    "__comment": "5",
    "from": [ 7.75, 6.6, 14.75 ],
    "to": [ 8.25, 22.1, 15.25 ],
    "rotation": { "origin": [ 7.75, 22.1, 14.75 ], "axis": "x", "angle": -22.5 },
    "faces": {
        "down":  { "uv": [ 8.25, 15.5, 7.75, 15 ], "texture": "#anvil_base" },
        "up":    { "uv": [ 7.75, 15, 8.25, 15.5 ], "texture": "#anvil_base" },
        "north": { "uv": [ 7.75, 0, 8.25, 8.5 ], "texture": "#anvil_base" },
        "south": { "uv": [ 7.75, 0, 8.25, 8.5 ], "texture": "#anvil_base" },
        "west":  { "uv": [ 15, 0, 15.5, 8.5 ], "texture": "#anvil_base" },
        "east":  { "uv": [ 0.5, 0, 1, 8.5 ], "texture": "#anvil_base" }
    }
},
{
    "__comment": "2",
    "from": [ 7.375, 4.5, 8.875 ],
    "to": [ 8.625, 5.5, 10.125 ],
    "faces": {
        "down":  { "uv": [ 8.625, 10.125, 7.375, 8.875 ], "texture": "#wool_colored_silver" },
        "up":    { "uv": [ 7.375, 8.875, 8.625, 10.125 ], "texture": "#wool_colored_silver" },
        "north": { "uv": [ 7.375, 10.5, 8.625, 11.5 ], "texture": "#wool_colored_silver" },
        "south": { "uv": [ 7.375, 10.5, 8.625, 11.5 ], "texture": "#wool_colored_silver" },
        "west":  { "uv": [ 8.875, 10.5, 10.125, 11.5 ], "texture": "#wool_colored_silver" },
        "east":  { "uv": [ 5.875, 10.5, 7.125, 11.5 ], "texture": "#wool_colored_silver" }
    }
},
{
    "__comment": "2",
    "from": [ 7.25, 4.0625, 8.6875 ],
    "to": [ 8.75, 5.0625, 10.1875 ],
    "rotation": { "origin": [ 7.25, 5.0625, 8.6875 ], "axis": "x", "angle": -22.5 },
    "faces": {
        "down":  { "uv": [ 8.75, 7.25, 7.25, 5.75 ], "texture": "#wool_colored_silver" },
        "up":    { "uv": [ 7.25, 5.75, 8.75, 7.25 ], "texture": "#wool_colored_silver" },
        "north": { "uv": [ 7.25, 6.5, 8.75, 7.5 ], "texture": "#wool_colored_silver" },
        "south": { "uv": [ 7.25, 6.5, 8.75, 7.5 ], "texture": "#wool_colored_silver" },
        "west":  { "uv": [ 5.75, 6.5, 7.25, 7.5 ], "texture": "#wool_colored_silver" },
        "east":  { "uv": [ 8.75, 6.5, 10.25, 7.5 ], "texture": "#wool_colored_silver" }
    }
},
{
    "__comment": "5",
    "from": [ 7.75, -7.3375, 20.6875 ],
    "to": [ 8.25, 8.1625, 21.1875 ],
    "rotation": { "origin": [ 7.75, 8.1625, 20.6875 ], "axis": "x", "angle": 22.5 },
    "faces": {
        "down":  { "uv": [ 8.25, 15.5, 7.75, 15 ], "texture": "#anvil_base" },
        "up":    { "uv": [ 7.75, 15, 8.25, 15.5 ], "texture": "#anvil_base" },
        "north": { "uv": [ 7.75, 0, 8.25, 8.5 ], "texture": "#anvil_base" },
        "south": { "uv": [ 7.75, 0, 8.25, 8.5 ], "texture": "#anvil_base" },
        "west":  { "uv": [ 15, 0, 15.5, 8.5 ], "texture": "#anvil_base" },
        "east":  { "uv": [ 0.5, 0, 1, 8.5 ], "texture": "#anvil_base" }
    }
}
],
"display": {
    "thirdperson": {
        "rotation": [ 90, -45, 0 ],
        "translation": [ 0, 3, 0 ],
        "scale": [ 1.5, 1.5, 1.5 ]
    },
    "head": {
        "rotation": [ 51, 90, 0 ],
        "translation": [ -2.5, -5, 2.5 ],
        "scale": [ 2, 2, 2 ]
    },
    "ground": {
        "rotation": [ 0, 0, 90 ],
        "translation": [ 0, -15, -7.5 ],
        "scale": [ 4, 4, 4 ]
    },
    "fixed": {
        "rotation": [ 45, -90, 0 ],
        "translation": [ 2.5, 2.5, 0 ],
        "scale": [ 1.5, 1.5, 1.5 ]
    },
    "firstperson": {
        "rotation": [ 30, -30, 0 ],
        "translation": [ 0, 5, -2.5 ],
        "scale": [ 2, 2, 2 ]
    },
    "gui": {
        "rotation": [ 20, -145, -30 ],
        "translation": [ 2.5, 2.5, 0 ],
        "scale": [ 1, 1, 1 ]
    }
}
}