{
"__comment": "Designed by Optimus0812 with BDcraft Cubik PRO 0.95 Beta - http://bdcraft.net",
"textures": {
    "texture": "items/Hatchet"
},
"elements": [ 
{
    "__comment": "Hatchet x16",
    "from": [ 1, 7.5, 14 ],
    "to": [ 4, 8.5, 15 ],
    "faces": {
        "down":  { "uv": [ 1, 15, 4, 14 ], "texture": "#texture" },
        "up":    { "uv": [ 1, 14, 4, 15 ], "texture": "#texture" },
        "north": { "uv": [ 4, 14, 1, 15 ], "texture": "#texture" },
        "south": { "uv": [ 1, 15, 4, 14 ], "texture": "#texture" },
        "west":  { "uv": [ 1, 14, 2, 15 ], "rotation": 270, "texture": "#texture" },
        "east":  { "uv": [ 4, 14, 3, 15 ], "rotation": 90, "texture": "#texture" }
    }
},
{
    "__comment": "Hatchet x16",
    "from": [ 2, 7.5, 13 ],
    "to": [ 5, 8.5, 14 ],
    "faces": {
        "down":  { "uv": [ 2, 14, 5, 13 ], "texture": "#texture" },
        "up":    { "uv": [ 2, 13, 5, 14 ], "texture": "#texture" },
        "north": { "uv": [ 5, 13, 2, 14 ], "texture": "#texture" },
        "south": { "uv": [ 2, 14, 5, 13 ], "texture": "#texture" },
        "west":  { "uv": [ 2, 13, 3, 14 ], "rotation": 270, "texture": "#texture" },
        "east":  { "uv": [ 5, 13, 4, 14 ], "rotation": 90, "texture": "#texture" }
    }
},
{
    "__comment": "Hatchet x16",
    "from": [ 2, 7.5, 15 ],
    "to": [ 3, 8.5, 16 ],
    "faces": {
        "down":  { "uv": [ 2, 16, 3, 15 ], "texture": "#texture" },
        "up":    { "uv": [ 2, 15, 3, 16 ], "texture": "#texture" },
        "north": { "uv": [ 3, 15, 2, 16 ], "texture": "#texture" },
        "south": { "uv": [ 2, 16, 3, 15 ], "texture": "#texture" },
        "west":  { "uv": [ 2, 15, 3, 16 ], "rotation": 270, "texture": "#texture" },
        "east":  { "uv": [ 3, 15, 2, 16 ], "rotation": 90, "texture": "#texture" }
    }
},
{
    "__comment": "Hatchet x16",
    "from": [ 3, 7.5, 12 ],
    "to": [ 6, 8.5, 13 ],
    "faces": {
        "down":  { "uv": [ 3, 13, 6, 12 ], "texture": "#texture" },
        "up":    { "uv": [ 3, 12, 6, 13 ], "texture": "#texture" },
        "north": { "uv": [ 6, 12, 3, 13 ], "texture": "#texture" },
        "south": { "uv": [ 3, 13, 6, 12 ], "texture": "#texture" },
        "west":  { "uv": [ 3, 12, 4, 13 ], "rotation": 270, "texture": "#texture" },
        "east":  { "uv": [ 6, 12, 5, 13 ], "rotation": 90, "texture": "#texture" }
    }
},
{
    "__comment": "Hatchet x16",
    "from": [ 4, 7.5, 11 ],
    "to": [ 7, 8.5, 12 ],
    "faces": {
        "down":  { "uv": [ 4, 12, 7, 11 ], "texture": "#texture" },
        "up":    { "uv": [ 4, 11, 7, 12 ], "texture": "#texture" },
        "north": { "uv": [ 7, 11, 4, 12 ], "texture": "#texture" },
        "south": { "uv": [ 4, 12, 7, 11 ], "texture": "#texture" },
        "west":  { "uv": [ 4, 11, 5, 12 ], "rotation": 270, "texture": "#texture" },
        "east":  { "uv": [ 7, 11, 6, 12 ], "rotation": 90, "texture": "#texture" }
    }
},
{
    "__comment": "Hatchet x16",
    "from": [ 5, 7.5, 10 ],
    "to": [ 8, 8.5, 11 ],
    "faces": {
        "down":  { "uv": [ 5, 11, 8, 10 ], "texture": "#texture" },
        "up":    { "uv": [ 5, 10, 8, 11 ], "texture": "#texture" },
        "north": { "uv": [ 8, 10, 5, 11 ], "texture": "#texture" },
        "south": { "uv": [ 5, 11, 8, 10 ], "texture": "#texture" },
        "west":  { "uv": [ 5, 10, 6, 11 ], "rotation": 270, "texture": "#texture" },
        "east":  { "uv": [ 8, 10, 7, 11 ], "rotation": 90, "texture": "#texture" }
    }
},
{
    "__comment": "Hatchet x16",
    "from": [ 6, 7.5, 2 ],
    "to": [ 11, 8.5, 5 ],
    "faces": {
        "down":  { "uv": [ 6, 5, 11, 2 ], "texture": "#texture" },
        "up":    { "uv": [ 6, 2, 11, 5 ], "texture": "#texture" },
        "north": { "uv": [ 11, 2, 6, 3 ], "texture": "#texture" },
        "south": { "uv": [ 6, 5, 11, 4 ], "texture": "#texture" },
        "west":  { "uv": [ 6, 2, 7, 5 ], "rotation": 270, "texture": "#texture" },
        "east":  { "uv": [ 11, 2, 10, 5 ], "rotation": 90, "texture": "#texture" }
    }
},
{
    "__comment": "Hatchet x16",
    "from": [ 6, 7.5, 9 ],
    "to": [ 8, 8.5, 10 ],
    "faces": {
        "down":  { "uv": [ 6, 10, 8, 9 ], "texture": "#texture" },
        "up":    { "uv": [ 6, 9, 8, 10 ], "texture": "#texture" },
        "north": { "uv": [ 8, 9, 6, 10 ], "texture": "#texture" },
        "south": { "uv": [ 6, 10, 8, 9 ], "texture": "#texture" },
        "west":  { "uv": [ 6, 9, 7, 10 ], "rotation": 270, "texture": "#texture" },
        "east":  { "uv": [ 8, 9, 7, 10 ], "rotation": 90, "texture": "#texture" }
    }
},
{
    "__comment": "Hatchet x16",
    "from": [ 7, 7.5, 1 ],
    "to": [ 10, 8.5, 2 ],
    "faces": {
        "down":  { "uv": [ 7, 2, 10, 1 ], "texture": "#texture" },
        "up":    { "uv": [ 7, 1, 10, 2 ], "texture": "#texture" },
        "north": { "uv": [ 10, 1, 7, 2 ], "texture": "#texture" },
        "south": { "uv": [ 7, 2, 10, 1 ], "texture": "#texture" },
        "west":  { "uv": [ 7, 1, 8, 2 ], "rotation": 270, "texture": "#texture" },
        "east":  { "uv": [ 10, 1, 9, 2 ], "rotation": 90, "texture": "#texture" }
    }
},
{
    "__comment": "Hatchet x16",
    "from": [ 7, 7.5, 8 ],
    "to": [ 9, 8.5, 9 ],
    "faces": {
        "down":  { "uv": [ 7, 9, 9, 8 ], "texture": "#texture" },
        "up":    { "uv": [ 7, 8, 9, 9 ], "texture": "#texture" },
        "north": { "uv": [ 9, 8, 7, 9 ], "texture": "#texture" },
        "south": { "uv": [ 7, 9, 9, 8 ], "texture": "#texture" },
        "west":  { "uv": [ 7, 8, 8, 9 ], "rotation": 270, "texture": "#texture" },
        "east":  { "uv": [ 9, 8, 8, 9 ], "rotation": 90, "texture": "#texture" }
    }
},
{
    "__comment": "Hatchet x16",
    "from": [ 8, 7.5, 0 ],
    "to": [ 10, 8.5, 1 ],
    "faces": {
        "down":  { "uv": [ 8, 1, 10, 0 ], "texture": "#texture" },
        "up":    { "uv": [ 8, 0, 10, 1 ], "texture": "#texture" },
        "north": { "uv": [ 10, 0, 8, 1 ], "texture": "#texture" },
        "south": { "uv": [ 8, 1, 10, 0 ], "texture": "#texture" },
        "west":  { "uv": [ 8, 0, 9, 1 ], "rotation": 270, "texture": "#texture" },
        "east":  { "uv": [ 10, 0, 9, 1 ], "rotation": 90, "texture": "#texture" }
    }
},
{
    "__comment": "Hatchet x16",
    "from": [ 8, 7.5, 5 ],
    "to": [ 14, 8.5, 6 ],
    "faces": {
        "down":  { "uv": [ 8, 6, 14, 5 ], "texture": "#texture" },
        "up":    { "uv": [ 8, 5, 14, 6 ], "texture": "#texture" },
        "north": { "uv": [ 14, 5, 8, 6 ], "texture": "#texture" },
        "south": { "uv": [ 8, 6, 14, 5 ], "texture": "#texture" },
        "west":  { "uv": [ 8, 5, 9, 6 ], "rotation": 270, "texture": "#texture" },
        "east":  { "uv": [ 14, 5, 13, 6 ], "rotation": 90, "texture": "#texture" }
    }
},
{
    "__comment": "Hatchet x16",
    "from": [ 8, 7.5, 7 ],
    "to": [ 12, 8.5, 8 ],
    "faces": {
        "down":  { "uv": [ 8, 8, 12, 7 ], "texture": "#texture" },
        "up":    { "uv": [ 8, 7, 12, 8 ], "texture": "#texture" },
        "north": { "uv": [ 12, 7, 8, 8 ], "texture": "#texture" },
        "south": { "uv": [ 8, 8, 12, 7 ], "texture": "#texture" },
        "west":  { "uv": [ 8, 7, 9, 8 ], "rotation": 270, "texture": "#texture" },
        "east":  { "uv": [ 12, 7, 11, 8 ], "rotation": 90, "texture": "#texture" }
    }
},
{
    "__comment": "Hatchet x16",
    "from": [ 9, 7.5, 6 ],
    "to": [ 13, 8.5, 7 ],
    "faces": {
        "down":  { "uv": [ 9, 7, 13, 6 ], "texture": "#texture" },
        "up":    { "uv": [ 9, 6, 13, 7 ], "texture": "#texture" },
        "north": { "uv": [ 13, 6, 9, 7 ], "texture": "#texture" },
        "south": { "uv": [ 9, 7, 13, 6 ], "texture": "#texture" },
        "west":  { "uv": [ 9, 6, 10, 7 ], "rotation": 270, "texture": "#texture" },
        "east":  { "uv": [ 13, 6, 12, 7 ], "rotation": 90, "texture": "#texture" }
    }
},
{
    "__comment": "Hatchet x16",
    "from": [ 11, 7.5, 3 ],
    "to": [ 12, 8.5, 5 ],
    "faces": {
        "down":  { "uv": [ 11, 5, 12, 3 ], "texture": "#texture" },
        "up":    { "uv": [ 11, 3, 12, 5 ], "texture": "#texture" },
        "north": { "uv": [ 12, 3, 11, 4 ], "texture": "#texture" },
        "south": { "uv": [ 11, 5, 12, 4 ], "texture": "#texture" },
        "west":  { "uv": [ 11, 3, 12, 5 ], "rotation": 270, "texture": "#texture" },
        "east":  { "uv": [ 12, 3, 11, 5 ], "rotation": 90, "texture": "#texture" }
    }
},
{
    "__comment": "Hatchet x16",
    "from": [ 12, 7.5, 4 ],
    "to": [ 13, 8.5, 5 ],
    "faces": {
        "down":  { "uv": [ 12, 5, 13, 4 ], "texture": "#texture" },
        "up":    { "uv": [ 12, 4, 13, 5 ], "texture": "#texture" },
        "north": { "uv": [ 13, 4, 12, 5 ], "texture": "#texture" },
        "south": { "uv": [ 12, 5, 13, 4 ], "texture": "#texture" },
        "west":  { "uv": [ 12, 4, 13, 5 ], "rotation": 270, "texture": "#texture" },
        "east":  { "uv": [ 13, 4, 12, 5 ], "rotation": 90, "texture": "#texture" }
    }
}
],
"display": {
    "thirdperson": {
        "rotation": [ 45, 0, -90 ],
        "translation": [ 0, 1.75, -3.5 ],
        "scale": [ 1, 1, 1 ]
    },
    "head": {
        "rotation": [ -90, 0, -90 ],
        "translation": [ 3.7, -15, 0 ],
        "scale": [ 1.3, 1.3, 1.3 ]
    },
    "ground": {
        "rotation": [ 0, 0, 0 ],
        "translation": [ 0, -10, 0 ],
        "scale": [ 2, 2, 2 ]
    },
    "fixed": {
        "rotation": [ 90, -90, 90 ],
        "translation": [ 0, 0, 0 ],
        "scale": [ 2, 2, 2 ]
    },
    "firstperson": {
        "rotation": [ 130, 130, -100 ],
        "translation": [ -7.5, 7.5, 0 ],
        "scale": [ 1, 1, 1 ]
    },
    "gui": {
        "rotation": [ 60, 135, 0 ],
        "translation": [ 0, 0, 0 ],
        "scale": [ 1.6, 1.6, 1.6 ]
    }
}
}