{
"__comment": "Designed by Optimus0812 with BDcraft Cubik PRO 0.95 Beta - http://bdcraft.net",
"textures": {
    "texture": "items/Machete"
},
"elements": [ 
{
    "__comment": "Machete x32",
    "from": [ 0, 7.5, 14 ],
    "to": [ 3, 8.5, 15 ],
    "faces": {
        "down":  { "uv": [ 0, 15, 3, 14 ], "texture": "#texture" },
        "up":    { "uv": [ 0, 14, 3, 15 ], "texture": "#texture" },
        "north": { "uv": [ 3, 14, 0, 14.5 ], "texture": "#texture" },
        "south": { "uv": [ 0, 15, 3, 14.5 ], "texture": "#texture" },
        "west":  { "uv": [ 0, 14, 0.5, 15 ], "rotation": 270, "texture": "#texture" },
        "east":  { "uv": [ 3, 14, 2.5, 15 ], "rotation": 90, "texture": "#texture" }
    }
},
{
    "__comment": "Machete x32",
    "from": [ 0.5, 7.5, 13.5 ],
    "to": [ 4, 8.5, 14 ],
    "faces": {
        "down":  { "uv": [ 0.5, 14, 4, 13.5 ], "texture": "#texture" },
        "up":    { "uv": [ 0.5, 13.5, 4, 14 ], "texture": "#texture" },
        "north": { "uv": [ 4, 13.5, 0.5, 14 ], "texture": "#texture" },
        "south": { "uv": [ 0.5, 14, 4, 13.5 ], "texture": "#texture" },
        "west":  { "uv": [ 0.5, 13.5, 1, 14 ], "rotation": 270, "texture": "#texture" },
        "east":  { "uv": [ 4, 13.5, 3.5, 14 ], "rotation": 90, "texture": "#texture" }
    }
},
{
    "__comment": "Machete x32",
    "from": [ 0.5, 7.5, 15 ],
    "to": [ 2.5, 8.5, 15.5 ],
    "faces": {
        "down":  { "uv": [ 0.5, 15.5, 2.5, 15 ], "texture": "#texture" },
        "up":    { "uv": [ 0.5, 15, 2.5, 15.5 ], "texture": "#texture" },
        "north": { "uv": [ 2.5, 15, 0.5, 15.5 ], "texture": "#texture" },
        "south": { "uv": [ 0.5, 15.5, 2.5, 15 ], "texture": "#texture" },
        "west":  { "uv": [ 0.5, 15, 1, 15.5 ], "rotation": 270, "texture": "#texture" },
        "east":  { "uv": [ 2.5, 15, 2, 15.5 ], "rotation": 90, "texture": "#texture" }
    }
},
{
    "__comment": "Machete x32",
    "from": [ 1, 7.5, 15.5 ],
    "to": [ 2, 8.5, 16 ],
    "faces": {
        "down":  { "uv": [ 1, 16, 2, 15.5 ], "texture": "#texture" },
        "up":    { "uv": [ 1, 15.5, 2, 16 ], "texture": "#texture" },
        "north": { "uv": [ 2, 15.5, 1, 16 ], "texture": "#texture" },
        "south": { "uv": [ 1, 16, 2, 15.5 ], "texture": "#texture" },
        "west":  { "uv": [ 1, 15.5, 1.5, 16 ], "rotation": 270, "texture": "#texture" },
        "east":  { "uv": [ 2, 15.5, 1.5, 16 ], "rotation": 90, "texture": "#texture" }
    }
},
{
    "__comment": "Machete x32",
    "from": [ 1.5, 7.5, 13 ],
    "to": [ 4.5, 8.5, 13.5 ],
    "faces": {
        "down":  { "uv": [ 1.5, 13.5, 4.5, 13 ], "texture": "#texture" },
        "up":    { "uv": [ 1.5, 13, 4.5, 13.5 ], "texture": "#texture" },
        "north": { "uv": [ 4.5, 13, 1.5, 13.5 ], "texture": "#texture" },
        "south": { "uv": [ 1.5, 13.5, 4.5, 13 ], "texture": "#texture" },
        "west":  { "uv": [ 1.5, 13, 2, 13.5 ], "rotation": 270, "texture": "#texture" },
        "east":  { "uv": [ 4.5, 13, 4, 13.5 ], "rotation": 90, "texture": "#texture" }
    }
},
{
    "__comment": "Machete x32",
    "from": [ 2, 7.5, 12.5 ],
    "to": [ 5, 8.5, 13 ],
    "faces": {
        "down":  { "uv": [ 2, 13, 5, 12.5 ], "texture": "#texture" },
        "up":    { "uv": [ 2, 12.5, 5, 13 ], "texture": "#texture" },
        "north": { "uv": [ 5, 12.5, 2, 13 ], "texture": "#texture" },
        "south": { "uv": [ 2, 13, 5, 12.5 ], "texture": "#texture" },
        "west":  { "uv": [ 2, 12.5, 2.5, 13 ], "rotation": 270, "texture": "#texture" },
        "east":  { "uv": [ 5, 12.5, 4.5, 13 ], "rotation": 90, "texture": "#texture" }
    }
},
{
    "__comment": "Machete x32",
    "from": [ 2.5, 7.5, 12 ],
    "to": [ 5.5, 8.5, 12.5 ],
    "faces": {
        "down":  { "uv": [ 2.5, 12.5, 5.5, 12 ], "texture": "#texture" },
        "up":    { "uv": [ 2.5, 12, 5.5, 12.5 ], "texture": "#texture" },
        "north": { "uv": [ 5.5, 12, 2.5, 12.5 ], "texture": "#texture" },
        "south": { "uv": [ 2.5, 12.5, 5.5, 12 ], "texture": "#texture" },
        "west":  { "uv": [ 2.5, 12, 3, 12.5 ], "rotation": 270, "texture": "#texture" },
        "east":  { "uv": [ 5.5, 12, 5, 12.5 ], "rotation": 90, "texture": "#texture" }
    }
},
{
    "__comment": "Machete x32",
    "from": [ 3, 7.5, 11.5 ],
    "to": [ 6, 8.5, 12 ],
    "faces": {
        "down":  { "uv": [ 3, 12, 6, 11.5 ], "texture": "#texture" },
        "up":    { "uv": [ 3, 11.5, 6, 12 ], "texture": "#texture" },
        "north": { "uv": [ 6, 11.5, 3, 12 ], "texture": "#texture" },
        "south": { "uv": [ 3, 12, 6, 11.5 ], "texture": "#texture" },
        "west":  { "uv": [ 3, 11.5, 3.5, 12 ], "rotation": 270, "texture": "#texture" },
        "east":  { "uv": [ 6, 11.5, 5.5, 12 ], "rotation": 90, "texture": "#texture" }
    }
},
{
    "__comment": "Machete x32",
    "from": [ 3, 7.5, 14 ],
    "to": [ 3.5, 8.5, 14.5 ],
    "faces": {
        "down":  { "uv": [ 3, 14.5, 3.5, 14 ], "texture": "#texture" },
        "up":    { "uv": [ 3, 14, 3.5, 14.5 ], "texture": "#texture" },
        "north": { "uv": [ 3.5, 14, 3, 14.5 ], "texture": "#texture" },
        "south": { "uv": [ 3, 14.5, 3.5, 14 ], "texture": "#texture" },
        "west":  { "uv": [ 3, 14, 3.5, 14.5 ], "rotation": 270, "texture": "#texture" },
        "east":  { "uv": [ 3.5, 14, 3, 14.5 ], "rotation": 90, "texture": "#texture" }
    }
},
{
    "__comment": "Machete x32",
    "from": [ 3.5, 7.5, 11 ],
    "to": [ 6.5, 8.5, 11.5 ],
    "faces": {
        "down":  { "uv": [ 3.5, 11.5, 6.5, 11 ], "texture": "#texture" },
        "up":    { "uv": [ 3.5, 11, 6.5, 11.5 ], "texture": "#texture" },
        "north": { "uv": [ 6.5, 11, 3.5, 11.5 ], "texture": "#texture" },
        "south": { "uv": [ 3.5, 11.5, 6.5, 11 ], "texture": "#texture" },
        "west":  { "uv": [ 3.5, 11, 4, 11.5 ], "rotation": 270, "texture": "#texture" },
        "east":  { "uv": [ 6.5, 11, 6, 11.5 ], "rotation": 90, "texture": "#texture" }
    }
},
{
    "__comment": "Machete x32",
    "from": [ 4, 7.5, 10 ],
    "to": [ 7, 8.5, 11 ],
    "faces": {
        "down":  { "uv": [ 4, 11, 7, 10 ], "texture": "#texture" },
        "up":    { "uv": [ 4, 10, 7, 11 ], "texture": "#texture" },
        "north": { "uv": [ 7, 10, 4, 10.5 ], "texture": "#texture" },
        "south": { "uv": [ 4, 11, 7, 10.5 ], "texture": "#texture" },
        "west":  { "uv": [ 4, 10, 4.5, 11 ], "rotation": 270, "texture": "#texture" },
        "east":  { "uv": [ 7, 10, 6.5, 11 ], "rotation": 90, "texture": "#texture" }
    }
},
{
    "__comment": "Machete x32",
    "from": [ 5, 7.5, 9 ],
    "to": [ 8, 8.5, 10 ],
    "faces": {
        "down":  { "uv": [ 5, 10, 8, 9 ], "texture": "#texture" },
        "up":    { "uv": [ 5, 9, 8, 10 ], "texture": "#texture" },
        "north": { "uv": [ 8, 9, 5, 9.5 ], "texture": "#texture" },
        "south": { "uv": [ 5, 10, 8, 9.5 ], "texture": "#texture" },
        "west":  { "uv": [ 5, 9, 5.5, 10 ], "rotation": 270, "texture": "#texture" },
        "east":  { "uv": [ 8, 9, 7.5, 10 ], "rotation": 90, "texture": "#texture" }
    }
},
{
    "__comment": "Machete x32",
    "from": [ 5.5, 7.5, 8 ],
    "to": [ 9, 8.5, 9 ],
    "faces": {
        "down":  { "uv": [ 5.5, 9, 9, 8 ], "texture": "#texture" },
        "up":    { "uv": [ 5.5, 8, 9, 9 ], "texture": "#texture" },
        "north": { "uv": [ 9, 8, 5.5, 8.5 ], "texture": "#texture" },
        "south": { "uv": [ 5.5, 9, 9, 8.5 ], "texture": "#texture" },
        "west":  { "uv": [ 5.5, 8, 6, 9 ], "rotation": 270, "texture": "#texture" },
        "east":  { "uv": [ 9, 8, 8.5, 9 ], "rotation": 90, "texture": "#texture" }
    }
},
{
    "__comment": "Machete x32",
    "from": [ 6, 7.5, 7.5 ],
    "to": [ 10, 8.5, 8 ],
    "faces": {
        "down":  { "uv": [ 6, 8, 10, 7.5 ], "texture": "#texture" },
        "up":    { "uv": [ 6, 7.5, 10, 8 ], "texture": "#texture" },
        "north": { "uv": [ 10, 7.5, 6, 8 ], "texture": "#texture" },
        "south": { "uv": [ 6, 8, 10, 7.5 ], "texture": "#texture" },
        "west":  { "uv": [ 6, 7.5, 6.5, 8 ], "rotation": 270, "texture": "#texture" },
        "east":  { "uv": [ 10, 7.5, 9.5, 8 ], "rotation": 90, "texture": "#texture" }
    }
},
{
    "__comment": "Machete x32",
    "from": [ 6.5, 7.5, 7 ],
    "to": [ 10.5, 8.5, 7.5 ],
    "faces": {
        "down":  { "uv": [ 6.5, 7.5, 10.5, 7 ], "texture": "#texture" },
        "up":    { "uv": [ 6.5, 7, 10.5, 7.5 ], "texture": "#texture" },
        "north": { "uv": [ 10.5, 7, 6.5, 7.5 ], "texture": "#texture" },
        "south": { "uv": [ 6.5, 7.5, 10.5, 7 ], "texture": "#texture" },
        "west":  { "uv": [ 6.5, 7, 7, 7.5 ], "rotation": 270, "texture": "#texture" },
        "east":  { "uv": [ 10.5, 7, 10, 7.5 ], "rotation": 90, "texture": "#texture" }
    }
},
{
    "__comment": "Machete x32",
    "from": [ 7, 7.5, 6.5 ],
    "to": [ 11, 8.5, 7 ],
    "faces": {
        "down":  { "uv": [ 7, 7, 11, 6.5 ], "texture": "#texture" },
        "up":    { "uv": [ 7, 6.5, 11, 7 ], "texture": "#texture" },
        "north": { "uv": [ 11, 6.5, 7, 7 ], "texture": "#texture" },
        "south": { "uv": [ 7, 7, 11, 6.5 ], "texture": "#texture" },
        "west":  { "uv": [ 7, 6.5, 7.5, 7 ], "rotation": 270, "texture": "#texture" },
        "east":  { "uv": [ 11, 6.5, 10.5, 7 ], "rotation": 90, "texture": "#texture" }
    }
},
{
    "__comment": "Machete x32",
    "from": [ 7, 7.5, 10 ],
    "to": [ 7.5, 8.5, 10.5 ],
    "faces": {
        "down":  { "uv": [ 7, 10.5, 7.5, 10 ], "texture": "#texture" },
        "up":    { "uv": [ 7, 10, 7.5, 10.5 ], "texture": "#texture" },
        "north": { "uv": [ 7.5, 10, 7, 10.5 ], "texture": "#texture" },
        "south": { "uv": [ 7, 10.5, 7.5, 10 ], "texture": "#texture" },
        "west":  { "uv": [ 7, 10, 7.5, 10.5 ], "rotation": 270, "texture": "#texture" },
        "east":  { "uv": [ 7.5, 10, 7, 10.5 ], "rotation": 90, "texture": "#texture" }
    }
},
{
    "__comment": "Machete x32",
    "from": [ 7.5, 7.5, 6 ],
    "to": [ 11.5, 8.5, 6.5 ],
    "faces": {
        "down":  { "uv": [ 7.5, 6.5, 11.5, 6 ], "texture": "#texture" },
        "up":    { "uv": [ 7.5, 6, 11.5, 6.5 ], "texture": "#texture" },
        "north": { "uv": [ 11.5, 6, 7.5, 6.5 ], "texture": "#texture" },
        "south": { "uv": [ 7.5, 6.5, 11.5, 6 ], "texture": "#texture" },
        "west":  { "uv": [ 7.5, 6, 8, 6.5 ], "rotation": 270, "texture": "#texture" },
        "east":  { "uv": [ 11.5, 6, 11, 6.5 ], "rotation": 90, "texture": "#texture" }
    }
},
{
    "__comment": "Machete x32",
    "from": [ 8, 7.5, 5.5 ],
    "to": [ 12, 8.5, 6 ],
    "faces": {
        "down":  { "uv": [ 8, 6, 12, 5.5 ], "texture": "#texture" },
        "up":    { "uv": [ 8, 5.5, 12, 6 ], "texture": "#texture" },
        "north": { "uv": [ 12, 5.5, 8, 6 ], "texture": "#texture" },
        "south": { "uv": [ 8, 6, 12, 5.5 ], "texture": "#texture" },
        "west":  { "uv": [ 8, 5.5, 8.5, 6 ], "rotation": 270, "texture": "#texture" },
        "east":  { "uv": [ 12, 5.5, 11.5, 6 ], "rotation": 90, "texture": "#texture" }
    }
},
{
    "__comment": "Machete x32",
    "from": [ 8, 7.5, 9 ],
    "to": [ 8.5, 8.5, 9.5 ],
    "faces": {
        "down":  { "uv": [ 8, 9.5, 8.5, 9 ], "texture": "#texture" },
        "up":    { "uv": [ 8, 9, 8.5, 9.5 ], "texture": "#texture" },
        "north": { "uv": [ 8.5, 9, 8, 9.5 ], "texture": "#texture" },
        "south": { "uv": [ 8, 9.5, 8.5, 9 ], "texture": "#texture" },
        "west":  { "uv": [ 8, 9, 8.5, 9.5 ], "rotation": 270, "texture": "#texture" },
        "east":  { "uv": [ 8.5, 9, 8, 9.5 ], "rotation": 90, "texture": "#texture" }
    }
},
{
    "__comment": "Machete x32",
    "from": [ 8.5, 7.5, 5 ],
    "to": [ 12.5, 8.5, 5.5 ],
    "faces": {
        "down":  { "uv": [ 8.5, 5.5, 12.5, 5 ], "texture": "#texture" },
        "up":    { "uv": [ 8.5, 5, 12.5, 5.5 ], "texture": "#texture" },
        "north": { "uv": [ 12.5, 5, 8.5, 5.5 ], "texture": "#texture" },
        "south": { "uv": [ 8.5, 5.5, 12.5, 5 ], "texture": "#texture" },
        "west":  { "uv": [ 8.5, 5, 9, 5.5 ], "rotation": 270, "texture": "#texture" },
        "east":  { "uv": [ 12.5, 5, 12, 5.5 ], "rotation": 90, "texture": "#texture" }
    }
},
{
    "__comment": "Machete x32",
    "from": [ 9, 7.5, 4.5 ],
    "to": [ 13, 8.5, 5 ],
    "faces": {
        "down":  { "uv": [ 9, 5, 13, 4.5 ], "texture": "#texture" },
        "up":    { "uv": [ 9, 4.5, 13, 5 ], "texture": "#texture" },
        "north": { "uv": [ 13, 4.5, 9, 5 ], "texture": "#texture" },
        "south": { "uv": [ 9, 5, 13, 4.5 ], "texture": "#texture" },
        "west":  { "uv": [ 9, 4.5, 9.5, 5 ], "rotation": 270, "texture": "#texture" },
        "east":  { "uv": [ 13, 4.5, 12.5, 5 ], "rotation": 90, "texture": "#texture" }
    }
},
{
    "__comment": "Machete x32",
    "from": [ 9, 7.5, 8 ],
    "to": [ 9.5, 8.5, 8.5 ],
    "faces": {
        "down":  { "uv": [ 9, 8.5, 9.5, 8 ], "texture": "#texture" },
        "up":    { "uv": [ 9, 8, 9.5, 8.5 ], "texture": "#texture" },
        "north": { "uv": [ 9.5, 8, 9, 8.5 ], "texture": "#texture" },
        "south": { "uv": [ 9, 8.5, 9.5, 8 ], "texture": "#texture" },
        "west":  { "uv": [ 9, 8, 9.5, 8.5 ], "rotation": 270, "texture": "#texture" },
        "east":  { "uv": [ 9.5, 8, 9, 8.5 ], "rotation": 90, "texture": "#texture" }
    }
},
{
    "__comment": "Machete x32",
    "from": [ 9.5, 7.5, 4 ],
    "to": [ 13.5, 8.5, 4.5 ],
    "faces": {
        "down":  { "uv": [ 9.5, 4.5, 13.5, 4 ], "texture": "#texture" },
        "up":    { "uv": [ 9.5, 4, 13.5, 4.5 ], "texture": "#texture" },
        "north": { "uv": [ 13.5, 4, 9.5, 4.5 ], "texture": "#texture" },
        "south": { "uv": [ 9.5, 4.5, 13.5, 4 ], "texture": "#texture" },
        "west":  { "uv": [ 9.5, 4, 10, 4.5 ], "rotation": 270, "texture": "#texture" },
        "east":  { "uv": [ 13.5, 4, 13, 4.5 ], "rotation": 90, "texture": "#texture" }
    }
},
{
    "__comment": "Machete x32",
    "from": [ 10, 7.5, 3.5 ],
    "to": [ 14, 8.5, 4 ],
    "faces": {
        "down":  { "uv": [ 10, 4, 14, 3.5 ], "texture": "#texture" },
        "up":    { "uv": [ 10, 3.5, 14, 4 ], "texture": "#texture" },
        "north": { "uv": [ 14, 3.5, 10, 4 ], "texture": "#texture" },
        "south": { "uv": [ 10, 4, 14, 3.5 ], "texture": "#texture" },
        "west":  { "uv": [ 10, 3.5, 10.5, 4 ], "rotation": 270, "texture": "#texture" },
        "east":  { "uv": [ 14, 3.5, 13.5, 4 ], "rotation": 90, "texture": "#texture" }
    }
},
{
    "__comment": "Machete x32",
    "from": [ 10.5, 7.5, 3 ],
    "to": [ 14.5, 8.5, 3.5 ],
    "faces": {
        "down":  { "uv": [ 10.5, 3.5, 14.5, 3 ], "texture": "#texture" },
        "up":    { "uv": [ 10.5, 3, 14.5, 3.5 ], "texture": "#texture" },
        "north": { "uv": [ 14.5, 3, 10.5, 3.5 ], "texture": "#texture" },
        "south": { "uv": [ 10.5, 3.5, 14.5, 3 ], "texture": "#texture" },
        "west":  { "uv": [ 10.5, 3, 11, 3.5 ], "rotation": 270, "texture": "#texture" },
        "east":  { "uv": [ 14.5, 3, 14, 3.5 ], "rotation": 90, "texture": "#texture" }
    }
},
{
    "__comment": "Machete x32",
    "from": [ 11, 7.5, 2.5 ],
    "to": [ 15, 8.5, 3 ],
    "faces": {
        "down":  { "uv": [ 11, 3, 15, 2.5 ], "texture": "#texture" },
        "up":    { "uv": [ 11, 2.5, 15, 3 ], "texture": "#texture" },
        "north": { "uv": [ 15, 2.5, 11, 3 ], "texture": "#texture" },
        "south": { "uv": [ 11, 3, 15, 2.5 ], "texture": "#texture" },
        "west":  { "uv": [ 11, 2.5, 11.5, 3 ], "rotation": 270, "texture": "#texture" },
        "east":  { "uv": [ 15, 2.5, 14.5, 3 ], "rotation": 90, "texture": "#texture" }
    }
},
{
    "__comment": "Machete x32",
    "from": [ 12, 7.5, 2 ],
    "to": [ 15.5, 8.5, 2.5 ],
    "faces": {
        "down":  { "uv": [ 12, 2.5, 15.5, 2 ], "texture": "#texture" },
        "up":    { "uv": [ 12, 2, 15.5, 2.5 ], "texture": "#texture" },
        "north": { "uv": [ 15.5, 2, 12, 2.5 ], "texture": "#texture" },
        "south": { "uv": [ 12, 2.5, 15.5, 2 ], "texture": "#texture" },
        "west":  { "uv": [ 12, 2, 12.5, 2.5 ], "rotation": 270, "texture": "#texture" },
        "east":  { "uv": [ 15.5, 2, 15, 2.5 ], "rotation": 90, "texture": "#texture" }
    }
},
{
    "__comment": "Machete x32",
    "from": [ 13, 7.5, 1.5 ],
    "to": [ 16, 8.5, 2 ],
    "faces": {
        "down":  { "uv": [ 13, 2, 16, 1.5 ], "texture": "#texture" },
        "up":    { "uv": [ 13, 1.5, 16, 2 ], "texture": "#texture" },
        "north": { "uv": [ 16, 1.5, 13, 2 ], "texture": "#texture" },
        "south": { "uv": [ 13, 2, 16, 1.5 ], "texture": "#texture" },
        "west":  { "uv": [ 13, 1.5, 13.5, 2 ], "rotation": 270, "texture": "#texture" },
        "east":  { "uv": [ 16, 1.5, 15.5, 2 ], "rotation": 90, "texture": "#texture" }
    }
}
],
"display": {
    "thirdperson": {
        "rotation": [ 45, 0, -90 ],
        "translation": [ 0, 1.5, -4 ],
        "scale": [ 1, 1, 1 ]
    },
    "head": {
        "rotation": [ -90, 0, -90 ],
        "translation": [ 3.7, -15, 0 ],
        "scale": [ 1.6, 1.6, 1.6 ]
    },
    "ground": {
        "rotation": [ 0, 0, 0 ],
        "translation": [ 0, -20, 0 ],
        "scale": [ 3, 3, 3 ]
    },
    "fixed": {
        "rotation": [ 90, -90, 90 ],
        "translation": [ 0, 0, 0 ],
        "scale": [ 2, 2, 2 ]
    },
    "firstperson": {
        "rotation": [ 130, 130, -100 ],
        "translation": [ -5, 5, 0 ],
        "scale": [ 2, 2, 2 ]
    },
    "gui": {
        "rotation": [ 60, 135, 0 ],
        "translation": [ 0, 0, 0 ],
        "scale": [ 1.6, 1.6, 1.6 ]
    }
}
}