{
"__comment": "Designed by Optimus0812 with BDcraft Cubik PRO 0.95 Beta - http://bdcraft.net",
"textures": {
    "M1911A1-1": "3D/M1911A1-1",
    "M1911A1-2": "3D/M1911A1-2",
    "M1911A1-3": "3D/M1911A1-3"
},
"elements": [ 
{
    "__comment": "1",
    "from": [ 7, 19, -10 ],
    "to": [ 9, 20, 6 ],
    "faces": {
        "down":  { "uv": [ 9, 8, 7, 0 ], "texture": "#M1911A1-1" },
        "up":    { "uv": [ 7, 0, 9, 8 ], "texture": "#M1911A1-1" },
        "north": { "uv": [ 7, 0, 9, 1 ], "texture": "#M1911A1-1" },
        "south": { "uv": [ 7, 0, 9, 1 ], "texture": "#M1911A1-1" },
        "west":  { "uv": [ 0, 0, 8, 1 ], "texture": "#M1911A1-1" },
        "east":  { "uv": [ 8, 0, 16, 1 ], "texture": "#M1911A1-1" }
    }
},
{
    "__comment": "1",
    "from": [ 6, 16, -10 ],
    "to": [ 7, 19, 14 ],
    "faces": {
        "down":  { "uv": [ 10, 16, 9, 0 ], "texture": "#M1911A1-1" },
        "up":    { "uv": [ 6, 0, 7, 16 ], "texture": "#M1911A1-1" },
        "north": { "uv": [ 9, 1, 10, 4 ], "texture": "#M1911A1-1" },
        "south": { "uv": [ 6, 1, 7, 4 ], "texture": "#M1911A1-1" },
        "west":  { "uv": [ 0, 1, 16, 4 ], "texture": "#M1911A1-1" },
        "east":  { "uv": [ 0, 1, 16, 4 ], "texture": "#M1911A1-1" }
    }
},
{
    "__comment": "1",
    "from": [ 9, 16, -10 ],
    "to": [ 10, 19, 6 ],
    "faces": {
        "down":  { "uv": [ 7, 8, 6, 0 ], "texture": "#M1911A1-1" },
        "up":    { "uv": [ 9, 0, 10, 8 ], "texture": "#M1911A1-1" },
        "north": { "uv": [ 6, 1, 7, 4 ], "texture": "#M1911A1-1" },
        "south": { "uv": [ 9, 1, 10, 4 ], "texture": "#M1911A1-1" },
        "west":  { "uv": [ 0, 1, 8, 4 ], "texture": "#M1911A1-1" },
        "east":  { "uv": [ 8, 1, 16, 4 ], "texture": "#M1911A1-1" }
    }
},
{
    "__comment": "1",
    "from": [ 7, 18.5625, -10 ],
    "to": [ 8, 20, 22 ],
    "rotation": { "origin": [ 7, 20, -10 ], "axis": "z", "angle": -45 },
    "faces": {
        "down":  { "uv": [ 12.5, 8, 11.5, 0 ], "texture": "#M1911A1-1" },
        "up":    { "uv": [ 3.5, 0, 4.5, 8 ], "texture": "#M1911A1-1" },
        "north": { "uv": [ 11.5, 3, 12.5, 4.25 ], "texture": "#M1911A1-1" },
        "south": { "uv": [ 3.5, 3, 4.5, 4.25 ], "texture": "#M1911A1-1" },
        "west":  { "uv": [ 0, 3, 8, 4.25 ], "texture": "#M1911A1-1" },
        "east":  { "uv": [ 8, 3, 16, 4.25 ], "texture": "#M1911A1-1" }
    }
},
{
    "__comment": "1",
    "from": [ 8.29, 17.8525, -10 ],
    "to": [ 9.29, 19.29, 6 ],
    "rotation": { "origin": [ 8.29, 19.29, -10 ], "axis": "z", "angle": 45 },
    "faces": {
        "down":  { "uv": [ 12.5, 8, 11.5, 0 ], "texture": "#M1911A1-1" },
        "up":    { "uv": [ 3.5, 0, 4.5, 8 ], "texture": "#M1911A1-1" },
        "north": { "uv": [ 11.5, 3, 12.5, 4.25 ], "texture": "#M1911A1-1" },
        "south": { "uv": [ 3.5, 3, 4.5, 4.25 ], "texture": "#M1911A1-1" },
        "west":  { "uv": [ 0, 3, 8, 4.25 ], "texture": "#M1911A1-1" },
        "east":  { "uv": [ 8, 3, 16, 4.25 ], "texture": "#M1911A1-1" }
    }
},
{
    "__comment": "1",
    "from": [ 7.5, 18.5, -10.5 ],
    "to": [ 8.5, 19.5, -10 ],
    "faces": {
        "down":  { "uv": [ 8.5, 0, 7.5, 0 ], "texture": "#M1911A1-1" },
        "up":    { "uv": [ 7.5, 0, 8.5, 0 ], "texture": "#M1911A1-1" },
        "north": { "uv": [ 7.5, 0.5, 8.5, 1.5 ], "texture": "#M1911A1-1" },
        "south": { "uv": [ 7.5, 0.5, 8.5, 1.5 ], "texture": "#M1911A1-1" },
        "west":  { "uv": [ 0, 0.5, 0, 1.5 ], "texture": "#M1911A1-1" },
        "east":  { "uv": [ 16, 0.5, 16, 1.5 ], "texture": "#M1911A1-1" }
    }
},
{
    "__comment": "1",
    "from": [ 6.5, 17.5, -10.5 ],
    "to": [ 7.5, 18.5, -10 ],
    "faces": {
        "down":  { "uv": [ 9.5, 0, 8.5, 0 ], "texture": "#M1911A1-1" },
        "up":    { "uv": [ 6.5, 0, 7.5, 0 ], "texture": "#M1911A1-1" },
        "north": { "uv": [ 8.5, 1.5, 9.5, 2.5 ], "texture": "#M1911A1-1" },
        "south": { "uv": [ 6.5, 1.5, 7.5, 2.5 ], "texture": "#M1911A1-1" },
        "west":  { "uv": [ 0, 1.5, 0, 2.5 ], "texture": "#M1911A1-1" },
        "east":  { "uv": [ 16, 1.5, 16, 2.5 ], "texture": "#M1911A1-1" }
    }
},
{
    "__comment": "1",
    "from": [ 8.5, 17.5, -10.5 ],
    "to": [ 9.5, 18.5, -10 ],
    "faces": {
        "down":  { "uv": [ 7.5, 0, 6.5, 0 ], "texture": "#M1911A1-1" },
        "up":    { "uv": [ 8.5, 0, 9.5, 0 ], "texture": "#M1911A1-1" },
        "north": { "uv": [ 6.5, 1.5, 7.5, 2.5 ], "texture": "#M1911A1-1" },
        "south": { "uv": [ 8.5, 1.5, 9.5, 2.5 ], "texture": "#M1911A1-1" },
        "west":  { "uv": [ 0, 1.5, 0, 2.5 ], "texture": "#M1911A1-1" },
        "east":  { "uv": [ 16, 1.5, 16, 2.5 ], "texture": "#M1911A1-1" }
    }
},
{
    "__comment": "1",
    "from": [ 7.5, 18.0625, -10.5 ],
    "to": [ 8.5, 19.5, -10 ],
    "rotation": { "origin": [ 7.5, 19.5, -10.5 ], "axis": "z", "angle": -45 },
    "faces": {
        "down":  { "uv": [ 10.5, 0, 9.5, 0 ], "texture": "#M1911A1-1" },
        "up":    { "uv": [ 5.5, 0, 6.5, 0 ], "texture": "#M1911A1-1" },
        "north": { "uv": [ 9.5, 2, 10.5, 3.1875 ], "texture": "#M1911A1-1" },
        "south": { "uv": [ 5.5, 2, 6.5, 3.1875 ], "texture": "#M1911A1-1" },
        "west":  { "uv": [ 0, 2, 0, 3.1875 ], "texture": "#M1911A1-1" },
        "east":  { "uv": [ 16, 2, 16, 3.1875 ], "texture": "#M1911A1-1" }
    }
},
{
    "__comment": "1",
    "from": [ 7.7925, 17.3525, -10.5 ],
    "to": [ 8.7925, 18.79, -10 ],
    "rotation": { "origin": [ 7.7925, 18.79, -10.5 ], "axis": "z", "angle": 45 },
    "faces": {
        "down":  { "uv": [ 10.5, 0, 9.5, 0 ], "texture": "#M1911A1-1" },
        "up":    { "uv": [ 5.5, 0, 6.5, 0 ], "texture": "#M1911A1-1" },
        "north": { "uv": [ 9.5, 2, 10.5, 3.1875 ], "texture": "#M1911A1-1" },
        "south": { "uv": [ 5.5, 2, 6.5, 3.1875 ], "texture": "#M1911A1-1" },
        "west":  { "uv": [ 0, 2, 0, 3.1875 ], "texture": "#M1911A1-1" },
        "east":  { "uv": [ 16, 2, 16, 3.1875 ], "texture": "#M1911A1-1" }
    }
},
{
    "__comment": "1",
    "from": [ 7.5, 16.5, -10.5 ],
    "to": [ 8.5, 17.5, -10 ],
    "faces": {
        "down":  { "uv": [ 8.5, 0, 7.5, 0 ], "texture": "#M1911A1-1" },
        "up":    { "uv": [ 7.5, 0, 8.5, 0 ], "texture": "#M1911A1-1" },
        "north": { "uv": [ 7.5, 2.5, 8.5, 3.5 ], "texture": "#M1911A1-1" },
        "south": { "uv": [ 7.5, 2.5, 8.5, 3.5 ], "texture": "#M1911A1-1" },
        "west":  { "uv": [ 0, 2.5, 0, 3.5 ], "texture": "#M1911A1-1" },
        "east":  { "uv": [ 16, 2.5, 16, 3.5 ], "texture": "#M1911A1-1" }
    }
},
{
    "__comment": "1",
    "from": [ 6.5, 16.0625, -10.5 ],
    "to": [ 7.5, 17.5, -10 ],
    "rotation": { "origin": [ 6.5, 17.5, -10.5 ], "axis": "z", "angle": 45 },
    "faces": {
        "down":  { "uv": [ 10.5, 0, 9.5, 0 ], "texture": "#M1911A1-1" },
        "up":    { "uv": [ 5.5, 0, 6.5, 0 ], "texture": "#M1911A1-1" },
        "north": { "uv": [ 9.5, 2, 10.5, 3.1875 ], "texture": "#M1911A1-1" },
        "south": { "uv": [ 5.5, 2, 6.5, 3.1875 ], "texture": "#M1911A1-1" },
        "west":  { "uv": [ 0, 2, 0, 3.1875 ], "texture": "#M1911A1-1" },
        "east":  { "uv": [ 16, 2, 16, 3.1875 ], "texture": "#M1911A1-1" }
    }
},
{
    "__comment": "1",
    "from": [ 8.8125, 16.75, -10.5 ],
    "to": [ 9.8125, 18.1875, -10 ],
    "rotation": { "origin": [ 8.8125, 18.1875, -10.5 ], "axis": "z", "angle": -45 },
    "faces": {
        "down":  { "uv": [ 10.5, 0, 9.5, 0 ], "texture": "#M1911A1-1" },
        "up":    { "uv": [ 5.5, 0, 6.5, 0 ], "texture": "#M1911A1-1" },
        "north": { "uv": [ 9.5, 2, 10.5, 3.1875 ], "texture": "#M1911A1-1" },
        "south": { "uv": [ 5.5, 2, 6.5, 3.1875 ], "texture": "#M1911A1-1" },
        "west":  { "uv": [ 0, 2, 0, 3.1875 ], "texture": "#M1911A1-1" },
        "east":  { "uv": [ 16, 2, 16, 3.1875 ], "texture": "#M1911A1-1" }
    }
},
{
    "__comment": "1",
    "from": [ 7, 15.5625, -10.5 ],
    "to": [ 8, 17.0625, -10 ],
    "rotation": { "origin": [ 7, 17.0625, -10.5 ], "axis": "z", "angle": 22.5 },
    "faces": {
        "down":  { "uv": [ 10.5, 0, 9.5, 0 ], "texture": "#M1911A1-1" },
        "up":    { "uv": [ 5.5, 0, 6.5, 0 ], "texture": "#M1911A1-1" },
        "north": { "uv": [ 9.5, 2, 10.5, 3.1875 ], "texture": "#M1911A1-1" },
        "south": { "uv": [ 5.5, 2, 6.5, 3.1875 ], "texture": "#M1911A1-1" },
        "west":  { "uv": [ 0, 2, 0, 3.1875 ], "texture": "#M1911A1-1" },
        "east":  { "uv": [ 16, 2, 16, 3.1875 ], "texture": "#M1911A1-1" }
    }
},
{
    "__comment": "1",
    "from": [ 8.125, 15.9375, -10.5 ],
    "to": [ 9.125, 17.4375, -10 ],
    "rotation": { "origin": [ 8.125, 17.4375, -10.5 ], "axis": "z", "angle": -22.5 },
    "faces": {
        "down":  { "uv": [ 10.5, 0, 9.5, 0 ], "texture": "#M1911A1-1" },
        "up":    { "uv": [ 5.5, 0, 6.5, 0 ], "texture": "#M1911A1-1" },
        "north": { "uv": [ 9.5, 2, 10.5, 3.1875 ], "texture": "#M1911A1-1" },
        "south": { "uv": [ 5.5, 2, 6.5, 3.1875 ], "texture": "#M1911A1-1" },
        "west":  { "uv": [ 0, 2, 0, 3.1875 ], "texture": "#M1911A1-1" },
        "east":  { "uv": [ 16, 2, 16, 3.1875 ], "texture": "#M1911A1-1" }
    }
},
{
    "__comment": "1",
    "from": [ 7.5, 14.5, -10.5 ],
    "to": [ 8.5, 16, -10 ],
    "faces": {
        "down":  { "uv": [ 10.5, 0, 9.5, 0 ], "texture": "#M1911A1-1" },
        "up":    { "uv": [ 5.5, 0, 6.5, 0 ], "texture": "#M1911A1-1" },
        "north": { "uv": [ 9.5, 2, 10.5, 3.1875 ], "texture": "#M1911A1-1" },
        "south": { "uv": [ 5.5, 2, 6.5, 3.1875 ], "texture": "#M1911A1-1" },
        "west":  { "uv": [ 0, 2, 0, 3.1875 ], "texture": "#M1911A1-1" },
        "east":  { "uv": [ 16, 2, 16, 3.1875 ], "texture": "#M1911A1-1" }
    }
},
{
    "__comment": "1",
    "from": [ 7, 16, -10 ],
    "to": [ 9, 17, -9 ],
    "faces": {
        "down":  { "uv": [ 9, 0, 7, 0 ], "texture": "#M1911A1-1" },
        "up":    { "uv": [ 7, 0, 9, 0 ], "texture": "#M1911A1-1" },
        "north": { "uv": [ 7, 3, 9, 4 ], "texture": "#M1911A1-1" },
        "south": { "uv": [ 7, 3, 9, 4 ], "texture": "#M1911A1-1" },
        "west":  { "uv": [ 0, 3, 0, 4 ], "texture": "#M1911A1-1" },
        "east":  { "uv": [ 16, 3, 16, 4 ], "texture": "#M1911A1-1" }
    }
},
{
    "__comment": "1",
    "from": [ 8.5, 14, -10 ],
    "to": [ 9.5, 16, -4 ],
    "faces": {
        "down":  { "uv": [ 7.5, 0, 6.5, 0 ], "texture": "#M1911A1-1" },
        "up":    { "uv": [ 8.5, 0, 9.5, 0 ], "texture": "#M1911A1-1" },
        "north": { "uv": [ 6.5, 4, 7.5, 6 ], "texture": "#M1911A1-1" },
        "south": { "uv": [ 8.5, 4, 9.5, 6 ], "texture": "#M1911A1-1" },
        "west":  { "uv": [ 0, 4, 0, 6 ], "texture": "#M1911A1-1" },
        "east":  { "uv": [ 16, 4, 16, 6 ], "texture": "#M1911A1-1" }
    }
},
{
    "__comment": "1",
    "from": [ 7, 13.5, -10 ],
    "to": [ 9, 14.5, -4 ],
    "faces": {
        "down":  { "uv": [ 9, 0, 7, 0 ], "texture": "#M1911A1-1" },
        "up":    { "uv": [ 7, 0, 9, 0 ], "texture": "#M1911A1-1" },
        "north": { "uv": [ 7, 5.5, 9, 6.5 ], "texture": "#M1911A1-1" },
        "south": { "uv": [ 7, 5.5, 9, 6.5 ], "texture": "#M1911A1-1" },
        "west":  { "uv": [ 0, 5.5, 0, 6.5 ], "texture": "#M1911A1-1" },
        "east":  { "uv": [ 16, 5.5, 16, 6.5 ], "texture": "#M1911A1-1" }
    }
},
{
    "__comment": "1",
    "from": [ 6.5, 14, -10 ],
    "to": [ 7.5, 16, -4 ],
    "faces": {
        "down":  { "uv": [ 9.5, 0, 8.5, 0 ], "texture": "#M1911A1-1" },
        "up":    { "uv": [ 6.5, 0, 7.5, 0 ], "texture": "#M1911A1-1" },
        "north": { "uv": [ 8.5, 4, 9.5, 6 ], "texture": "#M1911A1-1" },
        "south": { "uv": [ 6.5, 4, 7.5, 6 ], "texture": "#M1911A1-1" },
        "west":  { "uv": [ 0, 4, 0, 6 ], "texture": "#M1911A1-1" },
        "east":  { "uv": [ 16, 4, 16, 6 ], "texture": "#M1911A1-1" }
    }
},
{
    "__comment": "1",
    "from": [ 6.5, 13.3125, -10 ],
    "to": [ 7.25, 14, -4 ],
    "rotation": { "origin": [ 6.5, 14, -10 ], "axis": "z", "angle": 45 },
    "faces": {
        "down":  { "uv": [ 10, 0, 9.25, 0 ], "texture": "#M1911A1-1" },
        "up":    { "uv": [ 6, 0, 6.75, 0 ], "texture": "#M1911A1-1" },
        "north": { "uv": [ 9.25, 7, 10, 7.75 ], "texture": "#M1911A1-1" },
        "south": { "uv": [ 6, 7, 6.75, 7.75 ], "texture": "#M1911A1-1" },
        "west":  { "uv": [ 0, 7, 0, 7.75 ], "texture": "#M1911A1-1" },
        "east":  { "uv": [ 16, 7, 16, 7.75 ], "texture": "#M1911A1-1" }
    }
},
{
    "__comment": "1",
    "from": [ 8.9575, 13.8325, -10 ],
    "to": [ 9.7075, 14.52, -4 ],
    "rotation": { "origin": [ 8.9575, 14.52, -10 ], "axis": "z", "angle": -45 },
    "faces": {
        "down":  { "uv": [ 10, 0, 9.25, 0 ], "texture": "#M1911A1-1" },
        "up":    { "uv": [ 6, 0, 6.75, 0 ], "texture": "#M1911A1-1" },
        "north": { "uv": [ 9.25, 7, 10, 7.75 ], "texture": "#M1911A1-1" },
        "south": { "uv": [ 6, 7, 6.75, 7.75 ], "texture": "#M1911A1-1" },
        "west":  { "uv": [ 0, 7, 0, 7.75 ], "texture": "#M1911A1-1" },
        "east":  { "uv": [ 16, 7, 16, 7.75 ], "texture": "#M1911A1-1" }
    }
},
{
    "__comment": "1",
    "from": [ 7, 14.5, -10.5 ],
    "to": [ 7.5, 15.5, -10 ],
    "faces": {
        "down":  { "uv": [ 10.5, 0, 9.5, 0 ], "texture": "#M1911A1-1" },
        "up":    { "uv": [ 5.5, 0, 6.5, 0 ], "texture": "#M1911A1-1" },
        "north": { "uv": [ 9.5, 2, 10.5, 3.1875 ], "texture": "#M1911A1-1" },
        "south": { "uv": [ 5.5, 2, 6.5, 3.1875 ], "texture": "#M1911A1-1" },
        "west":  { "uv": [ 0, 2, 0, 3.1875 ], "texture": "#M1911A1-1" },
        "east":  { "uv": [ 16, 2, 16, 3.1875 ], "texture": "#M1911A1-1" }
    }
},
{
    "__comment": "1",
    "from": [ 8.5, 14.5, -10.5 ],
    "to": [ 9, 15.5, -10 ],
    "faces": {
        "down":  { "uv": [ 10.5, 0, 9.5, 0 ], "texture": "#M1911A1-1" },
        "up":    { "uv": [ 5.5, 0, 6.5, 0 ], "texture": "#M1911A1-1" },
        "north": { "uv": [ 9.5, 2, 10.5, 3.1875 ], "texture": "#M1911A1-1" },
        "south": { "uv": [ 5.5, 2, 6.5, 3.1875 ], "texture": "#M1911A1-1" },
        "west":  { "uv": [ 0, 2, 0, 3.1875 ], "texture": "#M1911A1-1" },
        "east":  { "uv": [ 16, 2, 16, 3.1875 ], "texture": "#M1911A1-1" }
    }
},
{
    "__comment": "1",
    "from": [ 7.5, 14, -10.5 ],
    "to": [ 8.5, 14.5, -10 ],
    "faces": {
        "down":  { "uv": [ 10.5, 0, 9.5, 0 ], "texture": "#M1911A1-1" },
        "up":    { "uv": [ 5.5, 0, 6.5, 0 ], "texture": "#M1911A1-1" },
        "north": { "uv": [ 9.5, 2, 10.5, 3.1875 ], "texture": "#M1911A1-1" },
        "south": { "uv": [ 5.5, 2, 6.5, 3.1875 ], "texture": "#M1911A1-1" },
        "west":  { "uv": [ 0, 2, 0, 3.1875 ], "texture": "#M1911A1-1" },
        "east":  { "uv": [ 16, 2, 16, 3.1875 ], "texture": "#M1911A1-1" }
    }
},
{
    "__comment": "1",
    "from": [ 7, 13.8125, -10.5 ],
    "to": [ 7.5, 14.5, -10 ],
    "rotation": { "origin": [ 7, 14.5, -10.5 ], "axis": "z", "angle": 45 },
    "faces": {
        "down":  { "uv": [ 10.5, 0, 9.5, 0 ], "texture": "#M1911A1-1" },
        "up":    { "uv": [ 5.5, 0, 6.5, 0 ], "texture": "#M1911A1-1" },
        "north": { "uv": [ 9.5, 2, 10.5, 3.1875 ], "texture": "#M1911A1-1" },
        "south": { "uv": [ 5.5, 2, 6.5, 3.1875 ], "texture": "#M1911A1-1" },
        "west":  { "uv": [ 0, 2, 0, 3.1875 ], "texture": "#M1911A1-1" },
        "east":  { "uv": [ 16, 2, 16, 3.1875 ], "texture": "#M1911A1-1" }
    }
},
{
    "__comment": "1",
    "from": [ 8.625, 14.145, -10.5 ],
    "to": [ 9.125, 14.8325, -10 ],
    "rotation": { "origin": [ 8.625, 14.8325, -10.5 ], "axis": "z", "angle": -45 },
    "faces": {
        "down":  { "uv": [ 10.5, 0, 9.5, 0 ], "texture": "#M1911A1-1" },
        "up":    { "uv": [ 5.5, 0, 6.5, 0 ], "texture": "#M1911A1-1" },
        "north": { "uv": [ 9.5, 2, 10.5, 3.1875 ], "texture": "#M1911A1-1" },
        "south": { "uv": [ 5.5, 2, 6.5, 3.1875 ], "texture": "#M1911A1-1" },
        "west":  { "uv": [ 0, 2, 0, 3.1875 ], "texture": "#M1911A1-1" },
        "east":  { "uv": [ 16, 2, 16, 3.1875 ], "texture": "#M1911A1-1" }
    }
},
{
    "__comment": "1",
    "from": [ 7.5, 15.3, -10.5 ],
    "to": [ 8, 15.9875, -10 ],
    "rotation": { "origin": [ 7.5, 15.9875, -10.5 ], "axis": "z", "angle": -45 },
    "faces": {
        "down":  { "uv": [ 10.5, 0, 9.5, 0 ], "texture": "#M1911A1-1" },
        "up":    { "uv": [ 5.5, 0, 6.5, 0 ], "texture": "#M1911A1-1" },
        "north": { "uv": [ 9.5, 2, 10.5, 3.1875 ], "texture": "#M1911A1-1" },
        "south": { "uv": [ 5.5, 2, 6.5, 3.1875 ], "texture": "#M1911A1-1" },
        "west":  { "uv": [ 0, 2, 0, 3.1875 ], "texture": "#M1911A1-1" },
        "east":  { "uv": [ 16, 2, 16, 3.1875 ], "texture": "#M1911A1-1" }
    }
},
{
    "__comment": "1",
    "from": [ 8.145, 14.9575, -10.5 ],
    "to": [ 8.645, 15.645, -10 ],
    "rotation": { "origin": [ 8.145, 15.645, -10.5 ], "axis": "z", "angle": 45 },
    "faces": {
        "down":  { "uv": [ 10.5, 0, 9.5, 0 ], "texture": "#M1911A1-1" },
        "up":    { "uv": [ 5.5, 0, 6.5, 0 ], "texture": "#M1911A1-1" },
        "north": { "uv": [ 9.5, 2, 10.5, 3.1875 ], "texture": "#M1911A1-1" },
        "south": { "uv": [ 5.5, 2, 6.5, 3.1875 ], "texture": "#M1911A1-1" },
        "west":  { "uv": [ 0, 2, 0, 3.1875 ], "texture": "#M1911A1-1" },
        "east":  { "uv": [ 16, 2, 16, 3.1875 ], "texture": "#M1911A1-1" }
    }
},
{
    "__comment": "1",
    "from": [ 6.25, 13.5, -4 ],
    "to": [ 9.75, 16, 22 ],
    "faces": {
        "down":  { "uv": [ 9.75, 16, 6.25, 0 ], "texture": "#M1911A1-1" },
        "up":    { "uv": [ 6.25, 0, 9.75, 16 ], "texture": "#M1911A1-1" },
        "north": { "uv": [ 6.25, 4, 9.75, 6.5 ], "texture": "#M1911A1-1" },
        "south": { "uv": [ 6.25, 4, 9.75, 6.5 ], "texture": "#M1911A1-1" },
        "west":  { "uv": [ 0, 4, 16, 6.5 ], "texture": "#M1911A1-1" },
        "east":  { "uv": [ 0, 4, 16, 6.5 ], "texture": "#M1911A1-1" }
    }
},
{
    "__comment": "1",
    "from": [ 6.25, 12.5, 4 ],
    "to": [ 9.75, 13.5, 22 ],
    "faces": {
        "down":  { "uv": [ 9.75, 16, 6.25, 6 ], "texture": "#M1911A1-1" },
        "up":    { "uv": [ 6.25, 6, 9.75, 16 ], "texture": "#M1911A1-1" },
        "north": { "uv": [ 6.25, 6.5, 9.75, 7.5 ], "texture": "#M1911A1-1" },
        "south": { "uv": [ 6.25, 6.5, 9.75, 7.5 ], "texture": "#M1911A1-1" },
        "west":  { "uv": [ 6, 6.5, 16, 7.5 ], "texture": "#M1911A1-1" },
        "east":  { "uv": [ 0, 6.5, 10, 7.5 ], "texture": "#M1911A1-1" }
    }
},
{
    "__comment": "1",
    "from": [ 6.5, 13.25, -4 ],
    "to": [ 9.5, 13.5, 4 ],
    "faces": {
        "down":  { "uv": [ 9.5, 6, 6.5, 0 ], "texture": "#M1911A1-1" },
        "up":    { "uv": [ 6.5, 0, 9.5, 6 ], "texture": "#M1911A1-1" },
        "north": { "uv": [ 6.5, 6.5, 9.5, 6.75 ], "texture": "#M1911A1-1" },
        "south": { "uv": [ 6.5, 6.5, 9.5, 6.75 ], "texture": "#M1911A1-1" },
        "west":  { "uv": [ 0, 6.5, 6, 6.75 ], "texture": "#M1911A1-1" },
        "east":  { "uv": [ 10, 6.5, 16, 6.75 ], "texture": "#M1911A1-1" }
    }
},
{
    "__comment": "3",
    "from": [ 7, 18.875, 6 ],
    "to": [ 9, 19.875, 10.5 ],
    "faces": {
        "down":  { "uv": [ 9, 12, 7, 8 ], "texture": "#M1911A1-3" },
        "up":    { "uv": [ 7, 8, 9, 12 ], "texture": "#M1911A1-3" },
        "north": { "uv": [ 7, 0.10000000149011612, 9, 1.1000000238418579 ], "texture": "#M1911A1-3" },
        "south": { "uv": [ 7, 0.10000000149011612, 9, 1.1000000238418579 ], "texture": "#M1911A1-3" },
        "west":  { "uv": [ 8, 0.10000000149011612, 12, 1.1000000238418579 ], "texture": "#M1911A1-3" },
        "east":  { "uv": [ 4, 0.10000000149011612, 8, 1.1000000238418579 ], "texture": "#M1911A1-3" }
    }
},
{
    "__comment": "1",
    "from": [ 7, 19, 10.5 ],
    "to": [ 9, 20, 22 ],
    "faces": {
        "down":  { "uv": [ 9, 16, 7, 12 ], "texture": "#M1911A1-1" },
        "up":    { "uv": [ 7, 12, 9, 16 ], "texture": "#M1911A1-1" },
        "north": { "uv": [ 7, 0, 9, 1 ], "texture": "#M1911A1-1" },
        "south": { "uv": [ 7, 0, 9, 1 ], "texture": "#M1911A1-1" },
        "west":  { "uv": [ 12, 0, 16, 1 ], "texture": "#M1911A1-1" },
        "east":  { "uv": [ 0, 0, 4, 1 ], "texture": "#M1911A1-1" }
    }
},
{
    "__comment": "3",
    "from": [ 8.3125, 17.875, 6 ],
    "to": [ 9.3125, 19.1875, 10 ],
    "rotation": { "origin": [ 8.3125, 19.1875, 6 ], "axis": "z", "angle": 45 },
    "faces": {
        "down":  { "uv": [ 12.5, 8, 11.5, 0 ], "texture": "#M1911A1-3" },
        "up":    { "uv": [ 3.5, 0, 4.5, 8 ], "texture": "#M1911A1-3" },
        "north": { "uv": [ 11.5, 3, 12.5, 4.25 ], "texture": "#M1911A1-3" },
        "south": { "uv": [ 3.5, 3, 4.5, 4.25 ], "texture": "#M1911A1-3" },
        "west":  { "uv": [ 0, 3, 8, 4.25 ], "texture": "#M1911A1-3" },
        "east":  { "uv": [ 8, 3, 16, 4.25 ], "texture": "#M1911A1-3" }
    }
},
{
    "__comment": "1",
    "from": [ 9, 16, 6 ],
    "to": [ 10, 18, 14 ],
    "faces": {
        "down":  { "uv": [ 7, 16, 6, 8 ], "texture": "#M1911A1-1" },
        "up":    { "uv": [ 9, 8, 10, 16 ], "texture": "#M1911A1-1" },
        "north": { "uv": [ 6, 2, 7, 4 ], "texture": "#M1911A1-1" },
        "south": { "uv": [ 9, 2, 10, 4 ], "texture": "#M1911A1-1" },
        "west":  { "uv": [ 8, 2, 16, 4 ], "texture": "#M1911A1-1" },
        "east":  { "uv": [ 0, 2, 8, 4 ], "texture": "#M1911A1-1" }
    }
},
{
    "__comment": "1",
    "from": [ 8.29, 17.8525, 10 ],
    "to": [ 9.29, 19.29, 22 ],
    "rotation": { "origin": [ 8.29, 19.29, 10 ], "axis": "z", "angle": 45 },
    "faces": {
        "down":  { "uv": [ 12.5, 8, 11.5, 0 ], "texture": "#M1911A1-1" },
        "up":    { "uv": [ 3.5, 0, 4.5, 8 ], "texture": "#M1911A1-1" },
        "north": { "uv": [ 11.5, 3, 12.5, 4.25 ], "texture": "#M1911A1-1" },
        "south": { "uv": [ 3.5, 3, 4.5, 4.25 ], "texture": "#M1911A1-1" },
        "west":  { "uv": [ 0, 3, 8, 4.25 ], "texture": "#M1911A1-1" },
        "east":  { "uv": [ 8, 3, 16, 4.25 ], "texture": "#M1911A1-1" }
    }
},
{
    "__comment": "1",
    "from": [ 9, 18, 10 ],
    "to": [ 10, 19, 14 ],
    "faces": {
        "down":  { "uv": [ 7, 16, 6, 12 ], "texture": "#M1911A1-1" },
        "up":    { "uv": [ 9, 12, 10, 16 ], "texture": "#M1911A1-1" },
        "north": { "uv": [ 6, 1, 7, 2 ], "texture": "#M1911A1-1" },
        "south": { "uv": [ 9, 1, 10, 2 ], "texture": "#M1911A1-1" },
        "west":  { "uv": [ 12, 1, 16, 2 ], "texture": "#M1911A1-1" },
        "east":  { "uv": [ 0, 1, 4, 2 ], "texture": "#M1911A1-1" }
    }
},
{
    "__comment": "3",
    "from": [ 9, 18, 6 ],
    "to": [ 9.9375, 19, 10 ],
    "faces": {
        "down":  { "uv": [ 7, 12, 6.0625, 8 ], "texture": "#M1911A1-3" },
        "up":    { "uv": [ 9, 8, 9.9375, 12 ], "texture": "#M1911A1-3" },
        "north": { "uv": [ 6.0625, 1, 7, 2 ], "texture": "#M1911A1-3" },
        "south": { "uv": [ 9, 1, 9.9375, 2 ], "texture": "#M1911A1-3" },
        "west":  { "uv": [ 8, 1, 12, 2 ], "texture": "#M1911A1-3" },
        "east":  { "uv": [ 4, 1, 8, 2 ], "texture": "#M1911A1-3" }
    }
},
{
    "__comment": "1",
    "from": [ 6, 16, 14 ],
    "to": [ 10, 19, 14.5 ],
    "faces": {
        "down":  { "uv": [ 10, 16, 6, 16 ], "texture": "#M1911A1-1" },
        "up":    { "uv": [ 6, 16, 10, 16 ], "texture": "#M1911A1-1" },
        "north": { "uv": [ 6, 1, 10, 4 ], "texture": "#M1911A1-1" },
        "south": { "uv": [ 6, 1, 10, 4 ], "texture": "#M1911A1-1" },
        "west":  { "uv": [ 16, 1, 16, 4 ], "texture": "#M1911A1-1" },
        "east":  { "uv": [ 0, 1, 0, 4 ], "texture": "#M1911A1-1" }
    }
},
{
    "__comment": "1",
    "from": [ 7, 9.5, 5 ],
    "to": [ 9, 12.5, 5.5 ],
    "faces": {
        "down":  { "uv": [ 9, 7.5, 7, 7 ], "texture": "#M1911A1-1" },
        "up":    { "uv": [ 7, 7, 9, 7.5 ], "texture": "#M1911A1-1" },
        "north": { "uv": [ 7, 7.5, 9, 10.5 ], "texture": "#M1911A1-1" },
        "south": { "uv": [ 7, 7.5, 9, 10.5 ], "texture": "#M1911A1-1" },
        "west":  { "uv": [ 7, 7.5, 7.5, 10.5 ], "texture": "#M1911A1-1" },
        "east":  { "uv": [ 8.5, 7.5, 9, 10.5 ], "texture": "#M1911A1-1" }
    }
},
{
    "__comment": "1",
    "from": [ 6.25, 13.5625, 1.625 ],
    "to": [ 9.75, 14.5625, 4.625 ],
    "rotation": { "origin": [ 6.25, 14.5625, 1.625 ], "axis": "x", "angle": 22.5 },
    "faces": {
        "down":  { "uv": [ 9.75, 2, 6.25, 0 ], "texture": "#M1911A1-1" },
        "up":    { "uv": [ 6.25, 0, 9.75, 2 ], "texture": "#M1911A1-1" },
        "north": { "uv": [ 6.25, 9.5, 9.75, 10.5 ], "texture": "#M1911A1-1" },
        "south": { "uv": [ 6.25, 9.5, 9.75, 10.5 ], "texture": "#M1911A1-1" },
        "west":  { "uv": [ 0, 9.5, 2, 10.5 ], "texture": "#M1911A1-1" },
        "east":  { "uv": [ 14, 9.5, 16, 10.5 ], "texture": "#M1911A1-1" }
    }
},
{
    "__comment": "1",
    "from": [ 7, 8, 6.5 ],
    "to": [ 9, 8.5, 10.5 ],
    "faces": {
        "down":  { "uv": [ 9, 12.5, 7, 8.5 ], "texture": "#M1911A1-1" },
        "up":    { "uv": [ 7, 8.5, 9, 12.5 ], "texture": "#M1911A1-1" },
        "north": { "uv": [ 7, 11.5, 9, 12 ], "texture": "#M1911A1-1" },
        "south": { "uv": [ 7, 11.5, 9, 12 ], "texture": "#M1911A1-1" },
        "west":  { "uv": [ 8.5, 11.5, 12.5, 12 ], "texture": "#M1911A1-1" },
        "east":  { "uv": [ 3.5, 11.5, 7.5, 12 ], "texture": "#M1911A1-1" }
    }
},
{
    "__comment": "1",
    "from": [ 7, 7.4075, 5.02 ],
    "to": [ 9, 9.47, 5.52 ],
    "rotation": { "origin": [ 7, 9.47, 5.02 ], "axis": "x", "angle": -45 },
    "faces": {
        "down":  { "uv": [ 9, 8, 7, 7 ], "texture": "#M1911A1-1" },
        "up":    { "uv": [ 7, 7, 9, 8 ], "texture": "#M1911A1-1" },
        "north": { "uv": [ 7, 10.5, 9, 14 ], "texture": "#M1911A1-1" },
        "south": { "uv": [ 7, 10.5, 9, 14 ], "texture": "#M1911A1-1" },
        "west":  { "uv": [ 7, 10.5, 8, 14 ], "texture": "#M1911A1-1" },
        "east":  { "uv": [ 8, 10.5, 9, 14 ], "texture": "#M1911A1-1" }
    }
},
{
    "__comment": "1",
    "from": [ 7, 11.5625, 6.5 ],
    "to": [ 9, 13.5625, 7.5 ],
    "rotation": { "origin": [ 7, 13.5625, 6.5 ], "axis": "x", "angle": 45 },
    "faces": {
        "down":  { "uv": [ 9, 6.5, 7, 5.5 ], "texture": "#M1911A1-1" },
        "up":    { "uv": [ 7, 5.5, 9, 6.5 ], "texture": "#M1911A1-1" },
        "north": { "uv": [ 7, 9, 9, 11.5 ], "texture": "#M1911A1-1" },
        "south": { "uv": [ 7, 9, 9, 11.5 ], "texture": "#M1911A1-1" },
        "west":  { "uv": [ 5.5, 9, 6.5, 11.5 ], "texture": "#M1911A1-1" },
        "east":  { "uv": [ 9.5, 9, 10.5, 11.5 ], "texture": "#M1911A1-1" }
    }
},
{
    "__comment": "1",
    "from": [ 7, 10.5, 4 ],
    "to": [ 9, 12.5, 5 ],
    "rotation": { "origin": [ 7, 12.5, 4 ], "axis": "x", "angle": -45 },
    "faces": {
        "down":  { "uv": [ 9, 6.5, 7, 5.5 ], "texture": "#M1911A1-1" },
        "up":    { "uv": [ 7, 5.5, 9, 6.5 ], "texture": "#M1911A1-1" },
        "north": { "uv": [ 7, 9, 9, 11.5 ], "texture": "#M1911A1-1" },
        "south": { "uv": [ 7, 9, 9, 11.5 ], "texture": "#M1911A1-1" },
        "west":  { "uv": [ 5.5, 9, 6.5, 11.5 ], "texture": "#M1911A1-1" },
        "east":  { "uv": [ 9.5, 9, 10.5, 11.5 ], "texture": "#M1911A1-1" }
    }
},
{
    "__comment": "1",
    "from": [ 7, 7.75, 11.625 ],
    "to": [ 9, 9.8125, 12.125 ],
    "rotation": { "origin": [ 7, 9.8125, 11.625 ], "axis": "x", "angle": 45 },
    "faces": {
        "down":  { "uv": [ 9, 8, 7, 7 ], "texture": "#M1911A1-1" },
        "up":    { "uv": [ 7, 7, 9, 8 ], "texture": "#M1911A1-1" },
        "north": { "uv": [ 7, 10.5, 9, 14 ], "texture": "#M1911A1-1" },
        "south": { "uv": [ 7, 10.5, 9, 14 ], "texture": "#M1911A1-1" },
        "west":  { "uv": [ 7, 10.5, 8, 14 ], "texture": "#M1911A1-1" },
        "east":  { "uv": [ 8, 10.5, 9, 14 ], "texture": "#M1911A1-1" }
    }
},
{
    "__comment": "3",
    "from": [ 7.25, 9, 10 ],
    "to": [ 8.75, 12.5, 11.5 ],
    "faces": {
        "down":  { "uv": [ 8.75, 13.5, 7.25, 12 ], "texture": "#M1911A1-3" },
        "up":    { "uv": [ 7.25, 12, 8.75, 13.5 ], "texture": "#M1911A1-3" },
        "north": { "uv": [ 7.25, 7.5, 8.75, 11 ], "texture": "#M1911A1-3" },
        "south": { "uv": [ 7.25, 7.5, 8.75, 11 ], "texture": "#M1911A1-3" },
        "west":  { "uv": [ 12, 7.5, 13.5, 11 ], "texture": "#M1911A1-3" },
        "east":  { "uv": [ 2.5, 7.5, 4, 11 ], "texture": "#M1911A1-3" }
    }
},
{
    "__comment": "1",
    "from": [ 7, 9.5, 11.5 ],
    "to": [ 9, 12.5, 12 ],
    "faces": {
        "down":  { "uv": [ 9, 14, 7, 13.5 ], "texture": "#M1911A1-1" },
        "up":    { "uv": [ 7, 13.5, 9, 14 ], "texture": "#M1911A1-1" },
        "north": { "uv": [ 7, 7.5, 9, 10.5 ], "texture": "#M1911A1-1" },
        "south": { "uv": [ 7, 7.5, 9, 10.5 ], "texture": "#M1911A1-1" },
        "west":  { "uv": [ 13.5, 7.5, 14, 10.5 ], "texture": "#M1911A1-1" },
        "east":  { "uv": [ 2, 7.5, 2.5, 10.5 ], "texture": "#M1911A1-1" }
    }
},
{
    "__comment": "1",
    "from": [ 7, 11, 10.125 ],
    "to": [ 9, 13, 11.125 ],
    "rotation": { "origin": [ 7, 13, 10.125 ], "axis": "x", "angle": -45 },
    "faces": {
        "down":  { "uv": [ 9, 6.5, 7, 5.5 ], "texture": "#M1911A1-1" },
        "up":    { "uv": [ 7, 5.5, 9, 6.5 ], "texture": "#M1911A1-1" },
        "north": { "uv": [ 7, 9, 9, 11.5 ], "texture": "#M1911A1-1" },
        "south": { "uv": [ 7, 9, 9, 11.5 ], "texture": "#M1911A1-1" },
        "west":  { "uv": [ 5.5, 9, 6.5, 11.5 ], "texture": "#M1911A1-1" },
        "east":  { "uv": [ 9.5, 9, 10.5, 11.5 ], "texture": "#M1911A1-1" }
    }
},
{
    "__comment": "1",
    "from": [ 7, 8, 10.5 ],
    "to": [ 9, 8.5, 12 ],
    "faces": {
        "down":  { "uv": [ 9, 8, 7, 7 ], "texture": "#M1911A1-1" },
        "up":    { "uv": [ 7, 7, 9, 8 ], "texture": "#M1911A1-1" },
        "north": { "uv": [ 7, 10.5, 9, 14 ], "texture": "#M1911A1-1" },
        "south": { "uv": [ 7, 10.5, 9, 14 ], "texture": "#M1911A1-1" },
        "west":  { "uv": [ 7, 10.5, 8, 14 ], "texture": "#M1911A1-1" },
        "east":  { "uv": [ 8, 10.5, 9, 14 ], "texture": "#M1911A1-1" }
    }
},
{
    "__comment": "1",
    "from": [ 7, 8.5, 11.5 ],
    "to": [ 9, 9.5, 12 ],
    "faces": {
        "down":  { "uv": [ 9, 8, 7, 7 ], "texture": "#M1911A1-1" },
        "up":    { "uv": [ 7, 7, 9, 8 ], "texture": "#M1911A1-1" },
        "north": { "uv": [ 7, 10.5, 9, 14 ], "texture": "#M1911A1-1" },
        "south": { "uv": [ 7, 10.5, 9, 14 ], "texture": "#M1911A1-1" },
        "west":  { "uv": [ 7, 10.5, 8, 14 ], "texture": "#M1911A1-1" },
        "east":  { "uv": [ 8, 10.5, 9, 14 ], "texture": "#M1911A1-1" }
    }
},
{
    "__comment": "1",
    "from": [ 7, 8.5, 11 ],
    "to": [ 9, 9, 11.5 ],
    "faces": {
        "down":  { "uv": [ 9, 8, 7, 7 ], "texture": "#M1911A1-1" },
        "up":    { "uv": [ 7, 7, 9, 8 ], "texture": "#M1911A1-1" },
        "north": { "uv": [ 7, 10.5, 9, 14 ], "texture": "#M1911A1-1" },
        "south": { "uv": [ 7, 10.5, 9, 14 ], "texture": "#M1911A1-1" },
        "west":  { "uv": [ 7, 10.5, 8, 14 ], "texture": "#M1911A1-1" },
        "east":  { "uv": [ 8, 10.5, 9, 14 ], "texture": "#M1911A1-1" }
    }
},
{
    "__comment": "1",
    "from": [ 6.25, 8, 12 ],
    "to": [ 9.75, 12.5, 22 ],
    "faces": {
        "down":  { "uv": [ 9.75, 16, 6.25, 14 ], "texture": "#M1911A1-1" },
        "up":    { "uv": [ 6.25, 14, 9.75, 16 ], "texture": "#M1911A1-1" },
        "north": { "uv": [ 6.25, 7.5, 9.75, 12 ], "texture": "#M1911A1-1" },
        "south": { "uv": [ 6.25, 7.5, 9.75, 12 ], "texture": "#M1911A1-1" },
        "west":  { "uv": [ 14, 7.5, 16, 12 ], "texture": "#M1911A1-1" },
        "east":  { "uv": [ 0, 7.5, 2, 12 ], "texture": "#M1911A1-1" }
    }
},
{
    "__comment": "1",
    "from": [ 6.25, 8.3125, 13.3125 ],
    "to": [ 9.75, 10.8125, 14.6875 ],
    "rotation": { "origin": [ 6.25, 10.8125, 13.3125 ], "axis": "x", "angle": 45 },
    "faces": {
        "down":  { "uv": [ 9.75, 16, 6.25, 14 ], "texture": "#M1911A1-1" },
        "up":    { "uv": [ 6.25, 14, 9.75, 16 ], "texture": "#M1911A1-1" },
        "north": { "uv": [ 6.25, 7.5, 9.75, 12 ], "texture": "#M1911A1-1" },
        "south": { "uv": [ 6.25, 7.5, 9.75, 12 ], "texture": "#M1911A1-1" },
        "west":  { "uv": [ 14, 7.5, 16, 12 ], "texture": "#M1911A1-1" },
        "east":  { "uv": [ 0, 7.5, 2, 12 ], "texture": "#M1911A1-1" }
    }
},
{
    "__comment": "1",
    "from": [ 6.25, 8, 11.5 ],
    "to": [ 9.75, 9, 13 ],
    "faces": {
        "down":  { "uv": [ 9.75, 16, 6.25, 14 ], "texture": "#M1911A1-1" },
        "up":    { "uv": [ 6.25, 14, 9.75, 16 ], "texture": "#M1911A1-1" },
        "north": { "uv": [ 6.25, 7.5, 9.75, 12 ], "texture": "#M1911A1-1" },
        "south": { "uv": [ 6.25, 7.5, 9.75, 12 ], "texture": "#M1911A1-1" },
        "west":  { "uv": [ 14, 7.5, 16, 12 ], "texture": "#M1911A1-1" },
        "east":  { "uv": [ 0, 7.5, 2, 12 ], "texture": "#M1911A1-1" }
    }
},
{
    "__comment": "1",
    "from": [ 6.25, 10.5, 11 ],
    "to": [ 9.75, 13, 12.375 ],
    "rotation": { "origin": [ 6.25, 13, 11 ], "axis": "x", "angle": -45 },
    "faces": {
        "down":  { "uv": [ 9.75, 16, 6.25, 14 ], "texture": "#M1911A1-1" },
        "up":    { "uv": [ 6.25, 14, 9.75, 16 ], "texture": "#M1911A1-1" },
        "north": { "uv": [ 6.25, 7.5, 9.75, 12 ], "texture": "#M1911A1-1" },
        "south": { "uv": [ 6.25, 7.5, 9.75, 12 ], "texture": "#M1911A1-1" },
        "west":  { "uv": [ 14, 7.5, 16, 12 ], "texture": "#M1911A1-1" },
        "east":  { "uv": [ 0, 7.5, 2, 12 ], "texture": "#M1911A1-1" }
    }
},
{
    "__comment": "1",
    "from": [ 6.25, -5, 14 ],
    "to": [ 9.75, 8, 22 ],
    "rotation": { "origin": [ 6.25, 8, 14 ], "axis": "x", "angle": -22.5 },
    "faces": {
        "down":  { "uv": [ 9.75, 16, 6.25, 14 ], "texture": "#M1911A1-1" },
        "up":    { "uv": [ 6.25, 14, 9.75, 16 ], "texture": "#M1911A1-1" },
        "north": { "uv": [ 6.25, 7.5, 9.75, 12 ], "texture": "#M1911A1-1" },
        "south": { "uv": [ 6.25, 7.5, 9.75, 12 ], "texture": "#M1911A1-1" },
        "west":  { "uv": [ 14, 7.5, 16, 12 ], "texture": "#M1911A1-1" },
        "east":  { "uv": [ 0, 7.5, 2, 12 ], "texture": "#M1911A1-1" }
    }
},
{
    "__comment": "1",
    "from": [ 6.25, -4.125, 18.5625 ],
    "to": [ 9.75, -3.625, 19.0625 ],
    "faces": {
        "down":  { "uv": [ 9.75, 16, 6.25, 14 ], "texture": "#M1911A1-1" },
        "up":    { "uv": [ 6.25, 14, 9.75, 16 ], "texture": "#M1911A1-1" },
        "north": { "uv": [ 6.25, 7.5, 9.75, 12 ], "texture": "#M1911A1-1" },
        "south": { "uv": [ 6.25, 7.5, 9.75, 12 ], "texture": "#M1911A1-1" },
        "west":  { "uv": [ 14, 7.5, 16, 12 ], "texture": "#M1911A1-1" },
        "east":  { "uv": [ 0, 7.5, 2, 12 ], "texture": "#M1911A1-1" }
    }
},
{
    "__comment": "1",
    "from": [ 7, -2.5, 25.5 ],
    "to": [ 7.5, -0.5, 26 ],
    "rotation": { "origin": [ 7, -0.5, 25.5 ], "axis": "x", "angle": -22.5 },
    "faces": {
        "down":  { "uv": [ 9.75, 16, 6.25, 14 ], "texture": "#M1911A1-1" },
        "up":    { "uv": [ 6.25, 14, 9.75, 16 ], "texture": "#M1911A1-1" },
        "north": { "uv": [ 6.25, 7.5, 9.75, 12 ], "texture": "#M1911A1-1" },
        "south": { "uv": [ 6.25, 7.5, 9.75, 12 ], "texture": "#M1911A1-1" },
        "west":  { "uv": [ 14, 7.5, 16, 12 ], "texture": "#M1911A1-1" },
        "east":  { "uv": [ 0, 7.5, 2, 12 ], "texture": "#M1911A1-1" }
    }
},
{
    "__comment": "1",
    "from": [ 8.5, -2.5, 25.5 ],
    "to": [ 9, -0.5, 26 ],
    "rotation": { "origin": [ 8.5, -0.5, 25.5 ], "axis": "x", "angle": -22.5 },
    "faces": {
        "down":  { "uv": [ 9.75, 16, 6.25, 14 ], "texture": "#M1911A1-1" },
        "up":    { "uv": [ 6.25, 14, 9.75, 16 ], "texture": "#M1911A1-1" },
        "north": { "uv": [ 6.25, 7.5, 9.75, 12 ], "texture": "#M1911A1-1" },
        "south": { "uv": [ 6.25, 7.5, 9.75, 12 ], "texture": "#M1911A1-1" },
        "west":  { "uv": [ 14, 7.5, 16, 12 ], "texture": "#M1911A1-1" },
        "east":  { "uv": [ 0, 7.5, 2, 12 ], "texture": "#M1911A1-1" }
    }
},
{
    "__comment": "1",
    "from": [ 7, -2.4375, 26.125 ],
    "to": [ 9, -1.9375, 26.625 ],
    "rotation": { "origin": [ 7, -1.9375, 26.125 ], "axis": "x", "angle": -22.5 },
    "faces": {
        "down":  { "uv": [ 9.75, 16, 6.25, 14 ], "texture": "#M1911A1-1" },
        "up":    { "uv": [ 6.25, 14, 9.75, 16 ], "texture": "#M1911A1-1" },
        "north": { "uv": [ 6.25, 7.5, 9.75, 12 ], "texture": "#M1911A1-1" },
        "south": { "uv": [ 6.25, 7.5, 9.75, 12 ], "texture": "#M1911A1-1" },
        "west":  { "uv": [ 14, 7.5, 16, 12 ], "texture": "#M1911A1-1" },
        "east":  { "uv": [ 0, 7.5, 2, 12 ], "texture": "#M1911A1-1" }
    }
},
{
    "__comment": "2",
    "from": [ 6, -4.5, 13.5 ],
    "to": [ 10, 11.5, 20 ],
    "rotation": { "origin": [ 6, 11.5, 13.5 ], "axis": "x", "angle": -22.5 },
    "faces": {
        "down":  { "uv": [ 9.75, 16, 6.25, 14 ], "texture": "#M1911A1-2" },
        "up":    { "uv": [ 6.25, 14, 9.75, 16 ], "texture": "#M1911A1-2" },
        "north": { "uv": [ 6.25, 7.5, 9.75, 12 ], "texture": "#M1911A1-2" },
        "south": { "uv": [ 6.25, 7.5, 9.75, 12 ], "texture": "#M1911A1-2" },
        "west":  { "uv": [ 14, 7.5, 16, 12 ], "texture": "#M1911A1-2" },
        "east":  { "uv": [ 0, 7.5, 2, 12 ], "texture": "#M1911A1-2" }
    }
},
{
    "__comment": "2",
    "from": [ 6, 14, 14.5 ],
    "to": [ 10, 15, 18.5 ],
    "faces": {
        "down":  { "uv": [ 9.75, 16, 6.25, 14 ], "texture": "#M1911A1-2" },
        "up":    { "uv": [ 6.25, 14, 9.75, 16 ], "texture": "#M1911A1-2" },
        "north": { "uv": [ 6.25, 7.5, 9.75, 12 ], "texture": "#M1911A1-2" },
        "south": { "uv": [ 6.25, 7.5, 9.75, 12 ], "texture": "#M1911A1-2" },
        "west":  { "uv": [ 14, 7.5, 16, 12 ], "texture": "#M1911A1-2" },
        "east":  { "uv": [ 0, 7.5, 2, 12 ], "texture": "#M1911A1-2" }
    }
},
{
    "__comment": "2",
    "from": [ 6, 11.5, 13.5 ],
    "to": [ 10, 14, 19.5 ],
    "faces": {
        "down":  { "uv": [ 9.75, 16, 6.25, 14 ], "texture": "#M1911A1-2" },
        "up":    { "uv": [ 6.25, 14, 9.75, 16 ], "texture": "#M1911A1-2" },
        "north": { "uv": [ 6.25, 7.5, 9.75, 12 ], "texture": "#M1911A1-2" },
        "south": { "uv": [ 6.25, 7.5, 9.75, 12 ], "texture": "#M1911A1-2" },
        "west":  { "uv": [ 14, 7.5, 16, 12 ], "texture": "#M1911A1-2" },
        "east":  { "uv": [ 0, 7.5, 2, 12 ], "texture": "#M1911A1-2" }
    }
},
{
    "__comment": "2",
    "from": [ 6, 13.5625, 14.5 ],
    "to": [ 10, 15, 15.5 ],
    "rotation": { "origin": [ 6, 15, 14.5 ], "axis": "x", "angle": 45 },
    "faces": {
        "down":  { "uv": [ 9.75, 16, 6.25, 14 ], "texture": "#M1911A1-2" },
        "up":    { "uv": [ 6.25, 14, 9.75, 16 ], "texture": "#M1911A1-2" },
        "north": { "uv": [ 6.25, 7.5, 9.75, 12 ], "texture": "#M1911A1-2" },
        "south": { "uv": [ 6.25, 7.5, 9.75, 12 ], "texture": "#M1911A1-2" },
        "west":  { "uv": [ 14, 7.5, 16, 12 ], "texture": "#M1911A1-2" },
        "east":  { "uv": [ 0, 7.5, 2, 12 ], "texture": "#M1911A1-2" }
    }
},
{
    "__comment": "2",
    "from": [ 6, 12.8525, 17.79 ],
    "to": [ 10, 14.29, 18.79 ],
    "rotation": { "origin": [ 6, 14.29, 17.79 ], "axis": "x", "angle": -45 },
    "faces": {
        "down":  { "uv": [ 9.75, 16, 6.25, 14 ], "texture": "#M1911A1-2" },
        "up":    { "uv": [ 6.25, 14, 9.75, 16 ], "texture": "#M1911A1-2" },
        "north": { "uv": [ 6.25, 7.5, 9.75, 12 ], "texture": "#M1911A1-2" },
        "south": { "uv": [ 6.25, 7.5, 9.75, 12 ], "texture": "#M1911A1-2" },
        "west":  { "uv": [ 14, 7.5, 16, 12 ], "texture": "#M1911A1-2" },
        "east":  { "uv": [ 0, 7.5, 2, 12 ], "texture": "#M1911A1-2" }
    }
},
{
    "__comment": "1",
    "from": [ 6.5, 11.5, 20.5 ],
    "to": [ 7.5, 13.5, 24.5 ],
    "rotation": { "origin": [ 6.5, 13.5, 20.5 ], "axis": "x", "angle": -22.5 },
    "faces": {
        "down":  { "uv": [ 9.75, 16, 6.25, 14 ], "texture": "#M1911A1-1" },
        "up":    { "uv": [ 6.25, 14, 9.75, 16 ], "texture": "#M1911A1-1" },
        "north": { "uv": [ 6.25, 7.5, 9.75, 12 ], "texture": "#M1911A1-1" },
        "south": { "uv": [ 6.25, 7.5, 9.75, 12 ], "texture": "#M1911A1-1" },
        "west":  { "uv": [ 14, 7.5, 16, 12 ], "texture": "#M1911A1-1" },
        "east":  { "uv": [ 0, 7.5, 2, 12 ], "texture": "#M1911A1-1" }
    }
},
{
    "__comment": "1",
    "from": [ 6.25, 11, 21 ],
    "to": [ 9.75, 12, 24.5 ],
    "rotation": { "origin": [ 6.25, 12, 21 ], "axis": "x", "angle": -45 },
    "faces": {
        "down":  { "uv": [ 9.75, 16, 6.25, 14 ], "texture": "#M1911A1-1" },
        "up":    { "uv": [ 6.25, 14, 9.75, 16 ], "texture": "#M1911A1-1" },
        "north": { "uv": [ 6.25, 7.5, 9.75, 12 ], "texture": "#M1911A1-1" },
        "south": { "uv": [ 6.25, 7.5, 9.75, 12 ], "texture": "#M1911A1-1" },
        "west":  { "uv": [ 14, 7.5, 16, 12 ], "texture": "#M1911A1-1" },
        "east":  { "uv": [ 0, 7.5, 2, 12 ], "texture": "#M1911A1-1" }
    }
},
{
    "__comment": "1",
    "from": [ 7, 13.5, 24 ],
    "to": [ 9, 14.5, 26 ],
    "faces": {
        "down":  { "uv": [ 9.75, 16, 6.25, 14 ], "texture": "#M1911A1-1" },
        "up":    { "uv": [ 6.25, 14, 9.75, 16 ], "texture": "#M1911A1-1" },
        "north": { "uv": [ 6.25, 7.5, 9.75, 12 ], "texture": "#M1911A1-1" },
        "south": { "uv": [ 6.25, 7.5, 9.75, 12 ], "texture": "#M1911A1-1" },
        "west":  { "uv": [ 14, 7.5, 16, 12 ], "texture": "#M1911A1-1" },
        "east":  { "uv": [ 0, 7.5, 2, 12 ], "texture": "#M1911A1-1" }
    }
},
{
    "__comment": "1",
    "from": [ 7, 13.5, 26 ],
    "to": [ 9, 14, 26.5 ],
    "faces": {
        "down":  { "uv": [ 9.75, 16, 6.25, 14 ], "texture": "#M1911A1-1" },
        "up":    { "uv": [ 6.25, 14, 9.75, 16 ], "texture": "#M1911A1-1" },
        "north": { "uv": [ 6.25, 7.5, 9.75, 12 ], "texture": "#M1911A1-1" },
        "south": { "uv": [ 6.25, 7.5, 9.75, 12 ], "texture": "#M1911A1-1" },
        "west":  { "uv": [ 14, 7.5, 16, 12 ], "texture": "#M1911A1-1" },
        "east":  { "uv": [ 0, 7.5, 2, 12 ], "texture": "#M1911A1-1" }
    }
},
{
    "__comment": "1",
    "from": [ 7, 13.4475, 25.645 ],
    "to": [ 9, 14.135, 26.145 ],
    "rotation": { "origin": [ 7, 14.135, 25.645 ], "axis": "x", "angle": -45 },
    "faces": {
        "down":  { "uv": [ 9.75, 16, 6.25, 14 ], "texture": "#M1911A1-1" },
        "up":    { "uv": [ 6.25, 14, 9.75, 16 ], "texture": "#M1911A1-1" },
        "north": { "uv": [ 6.25, 7.5, 9.75, 12 ], "texture": "#M1911A1-1" },
        "south": { "uv": [ 6.25, 7.5, 9.75, 12 ], "texture": "#M1911A1-1" },
        "west":  { "uv": [ 14, 7.5, 16, 12 ], "texture": "#M1911A1-1" },
        "east":  { "uv": [ 0, 7.5, 2, 12 ], "texture": "#M1911A1-1" }
    }
},
{
    "__comment": "1",
    "from": [ 8.5, 11.5, 20.5 ],
    "to": [ 9.5, 13.5, 24.5 ],
    "rotation": { "origin": [ 8.5, 13.5, 20.5 ], "axis": "x", "angle": -22.5 },
    "faces": {
        "down":  { "uv": [ 9.75, 16, 6.25, 14 ], "texture": "#M1911A1-1" },
        "up":    { "uv": [ 6.25, 14, 9.75, 16 ], "texture": "#M1911A1-1" },
        "north": { "uv": [ 6.25, 7.5, 9.75, 12 ], "texture": "#M1911A1-1" },
        "south": { "uv": [ 6.25, 7.5, 9.75, 12 ], "texture": "#M1911A1-1" },
        "west":  { "uv": [ 14, 7.5, 16, 12 ], "texture": "#M1911A1-1" },
        "east":  { "uv": [ 0, 7.5, 2, 12 ], "texture": "#M1911A1-1" }
    }
},
{
    "__comment": "1",
    "from": [ 8.75, 12.5, 20 ],
    "to": [ 9.75, 18, 22 ],
    "rotation": { "origin": [ 8.75, 18, 20 ], "axis": "x", "angle": -22.5 },
    "faces": {
        "down":  { "uv": [ 9.75, 16, 6.25, 14 ], "texture": "#M1911A1-1" },
        "up":    { "uv": [ 6.25, 14, 9.75, 16 ], "texture": "#M1911A1-1" },
        "north": { "uv": [ 6.25, 7.5, 9.75, 12 ], "texture": "#M1911A1-1" },
        "south": { "uv": [ 6.25, 7.5, 9.75, 12 ], "texture": "#M1911A1-1" },
        "west":  { "uv": [ 14, 7.5, 16, 12 ], "texture": "#M1911A1-1" },
        "east":  { "uv": [ 0, 7.5, 2, 12 ], "texture": "#M1911A1-1" }
    }
},
{
    "__comment": "1",
    "from": [ 6.25, 13, 21.5 ],
    "to": [ 9.75, 14.5, 23 ],
    "faces": {
        "down":  { "uv": [ 9.75, 16, 6.25, 14 ], "texture": "#M1911A1-1" },
        "up":    { "uv": [ 6.25, 14, 9.75, 16 ], "texture": "#M1911A1-1" },
        "north": { "uv": [ 6.25, 7.5, 9.75, 12 ], "texture": "#M1911A1-1" },
        "south": { "uv": [ 6.25, 7.5, 9.75, 12 ], "texture": "#M1911A1-1" },
        "west":  { "uv": [ 14, 7.5, 16, 12 ], "texture": "#M1911A1-1" },
        "east":  { "uv": [ 0, 7.5, 2, 12 ], "texture": "#M1911A1-1" }
    }
},
{
    "__comment": "1",
    "from": [ 7.5, 12.5, 20.1875 ],
    "to": [ 8.5, 14.5, 22.1875 ],
    "rotation": { "origin": [ 7.5, 14.5, 20.1875 ], "axis": "x", "angle": -45 },
    "faces": {
        "down":  { "uv": [ 9.75, 16, 6.25, 14 ], "texture": "#M1911A1-1" },
        "up":    { "uv": [ 6.25, 14, 9.75, 16 ], "texture": "#M1911A1-1" },
        "north": { "uv": [ 6.25, 7.5, 9.75, 12 ], "texture": "#M1911A1-1" },
        "south": { "uv": [ 6.25, 7.5, 9.75, 12 ], "texture": "#M1911A1-1" },
        "west":  { "uv": [ 14, 7.5, 16, 12 ], "texture": "#M1911A1-1" },
        "east":  { "uv": [ 0, 7.5, 2, 12 ], "texture": "#M1911A1-1" }
    }
},
{
    "__comment": "1",
    "from": [ 6.25, 12.5, 20 ],
    "to": [ 7.25, 18, 22 ],
    "rotation": { "origin": [ 6.25, 18, 20 ], "axis": "x", "angle": -22.5 },
    "faces": {
        "down":  { "uv": [ 9.75, 16, 6.25, 14 ], "texture": "#M1911A1-1" },
        "up":    { "uv": [ 6.25, 14, 9.75, 16 ], "texture": "#M1911A1-1" },
        "north": { "uv": [ 6.25, 7.5, 9.75, 12 ], "texture": "#M1911A1-1" },
        "south": { "uv": [ 6.25, 7.5, 9.75, 12 ], "texture": "#M1911A1-1" },
        "west":  { "uv": [ 14, 7.5, 16, 12 ], "texture": "#M1911A1-1" },
        "east":  { "uv": [ 0, 7.5, 2, 12 ], "texture": "#M1911A1-1" }
    }
},
{
    "__comment": "1",
    "from": [ 6, 16, 15 ],
    "to": [ 10, 19, 15.5 ],
    "faces": {
        "down":  { "uv": [ 10, 16, 6, 16 ], "texture": "#M1911A1-1" },
        "up":    { "uv": [ 6, 16, 10, 16 ], "texture": "#M1911A1-1" },
        "north": { "uv": [ 6, 1, 10, 4 ], "texture": "#M1911A1-1" },
        "south": { "uv": [ 6, 1, 10, 4 ], "texture": "#M1911A1-1" },
        "west":  { "uv": [ 16, 1, 16, 4 ], "texture": "#M1911A1-1" },
        "east":  { "uv": [ 0, 1, 0, 4 ], "texture": "#M1911A1-1" }
    }
},
{
    "__comment": "1",
    "from": [ 6, 16, 16 ],
    "to": [ 10, 19, 16.5 ],
    "faces": {
        "down":  { "uv": [ 10, 16, 6, 16 ], "texture": "#M1911A1-1" },
        "up":    { "uv": [ 6, 16, 10, 16 ], "texture": "#M1911A1-1" },
        "north": { "uv": [ 6, 1, 10, 4 ], "texture": "#M1911A1-1" },
        "south": { "uv": [ 6, 1, 10, 4 ], "texture": "#M1911A1-1" },
        "west":  { "uv": [ 16, 1, 16, 4 ], "texture": "#M1911A1-1" },
        "east":  { "uv": [ 0, 1, 0, 4 ], "texture": "#M1911A1-1" }
    }
},
{
    "__comment": "1",
    "from": [ 6, 16, 17 ],
    "to": [ 10, 19, 17.5 ],
    "faces": {
        "down":  { "uv": [ 10, 16, 6, 16 ], "texture": "#M1911A1-1" },
        "up":    { "uv": [ 6, 16, 10, 16 ], "texture": "#M1911A1-1" },
        "north": { "uv": [ 6, 1, 10, 4 ], "texture": "#M1911A1-1" },
        "south": { "uv": [ 6, 1, 10, 4 ], "texture": "#M1911A1-1" },
        "west":  { "uv": [ 16, 1, 16, 4 ], "texture": "#M1911A1-1" },
        "east":  { "uv": [ 0, 1, 0, 4 ], "texture": "#M1911A1-1" }
    }
},
{
    "__comment": "1",
    "from": [ 6, 16, 18 ],
    "to": [ 10, 19, 18.5 ],
    "faces": {
        "down":  { "uv": [ 10, 16, 6, 16 ], "texture": "#M1911A1-1" },
        "up":    { "uv": [ 6, 16, 10, 16 ], "texture": "#M1911A1-1" },
        "north": { "uv": [ 6, 1, 10, 4 ], "texture": "#M1911A1-1" },
        "south": { "uv": [ 6, 1, 10, 4 ], "texture": "#M1911A1-1" },
        "west":  { "uv": [ 16, 1, 16, 4 ], "texture": "#M1911A1-1" },
        "east":  { "uv": [ 0, 1, 0, 4 ], "texture": "#M1911A1-1" }
    }
},
{
    "__comment": "1",
    "from": [ 6, 16, 19 ],
    "to": [ 10, 19, 19.5 ],
    "faces": {
        "down":  { "uv": [ 10, 16, 6, 16 ], "texture": "#M1911A1-1" },
        "up":    { "uv": [ 6, 16, 10, 16 ], "texture": "#M1911A1-1" },
        "north": { "uv": [ 6, 1, 10, 4 ], "texture": "#M1911A1-1" },
        "south": { "uv": [ 6, 1, 10, 4 ], "texture": "#M1911A1-1" },
        "west":  { "uv": [ 16, 1, 16, 4 ], "texture": "#M1911A1-1" },
        "east":  { "uv": [ 0, 1, 0, 4 ], "texture": "#M1911A1-1" }
    }
},
{
    "__comment": "1",
    "from": [ 6, 16, 20 ],
    "to": [ 10, 19, 20.5 ],
    "faces": {
        "down":  { "uv": [ 10, 16, 6, 16 ], "texture": "#M1911A1-1" },
        "up":    { "uv": [ 6, 16, 10, 16 ], "texture": "#M1911A1-1" },
        "north": { "uv": [ 6, 1, 10, 4 ], "texture": "#M1911A1-1" },
        "south": { "uv": [ 6, 1, 10, 4 ], "texture": "#M1911A1-1" },
        "west":  { "uv": [ 16, 1, 16, 4 ], "texture": "#M1911A1-1" },
        "east":  { "uv": [ 0, 1, 0, 4 ], "texture": "#M1911A1-1" }
    }
},
{
    "__comment": "1",
    "from": [ 6, 16, 21 ],
    "to": [ 10, 19, 22 ],
    "faces": {
        "down":  { "uv": [ 10, 16, 6, 16 ], "texture": "#M1911A1-1" },
        "up":    { "uv": [ 6, 16, 10, 16 ], "texture": "#M1911A1-1" },
        "north": { "uv": [ 6, 1, 10, 4 ], "texture": "#M1911A1-1" },
        "south": { "uv": [ 6, 1, 10, 4 ], "texture": "#M1911A1-1" },
        "west":  { "uv": [ 16, 1, 16, 4 ], "texture": "#M1911A1-1" },
        "east":  { "uv": [ 0, 1, 0, 4 ], "texture": "#M1911A1-1" }
    }
},
{
    "__comment": "1",
    "from": [ 6.25, 16, 14.5 ],
    "to": [ 9.75, 19, 21.5 ],
    "faces": {
        "down":  { "uv": [ 9.75, 16, 6.25, 14 ], "texture": "#M1911A1-1" },
        "up":    { "uv": [ 6.25, 14, 9.75, 16 ], "texture": "#M1911A1-1" },
        "north": { "uv": [ 6.25, 7.5, 9.75, 12 ], "texture": "#M1911A1-1" },
        "south": { "uv": [ 6.25, 7.5, 9.75, 12 ], "texture": "#M1911A1-1" },
        "west":  { "uv": [ 14, 7.5, 16, 12 ], "texture": "#M1911A1-1" },
        "east":  { "uv": [ 0, 7.5, 2, 12 ], "texture": "#M1911A1-1" }
    }
},
{
    "__comment": "1",
    "from": [ 6, 16, 15 ],
    "to": [ 10, 19, 15.5 ],
    "faces": {
        "down":  { "uv": [ 10, 16, 6, 16 ], "texture": "#M1911A1-1" },
        "up":    { "uv": [ 6, 16, 10, 16 ], "texture": "#M1911A1-1" },
        "north": { "uv": [ 6, 1, 10, 4 ], "texture": "#M1911A1-1" },
        "south": { "uv": [ 6, 1, 10, 4 ], "texture": "#M1911A1-1" },
        "west":  { "uv": [ 16, 1, 16, 4 ], "texture": "#M1911A1-1" },
        "east":  { "uv": [ 0, 1, 0, 4 ], "texture": "#M1911A1-1" }
    }
},
{
    "__comment": "1",
    "from": [ 5.75, -0.5, 21 ],
    "to": [ 10.25, 0.5, 22 ],
    "faces": {
        "down":  { "uv": [ 9.75, 16, 6.25, 14 ], "texture": "#M1911A1-1" },
        "up":    { "uv": [ 6.25, 14, 9.75, 16 ], "texture": "#M1911A1-1" },
        "north": { "uv": [ 6.25, 7.5, 9.75, 12 ], "texture": "#M1911A1-1" },
        "south": { "uv": [ 6.25, 7.5, 9.75, 12 ], "texture": "#M1911A1-1" },
        "west":  { "uv": [ 14, 7.5, 16, 12 ], "texture": "#M1911A1-1" },
        "east":  { "uv": [ 0, 7.5, 2, 12 ], "texture": "#M1911A1-1" }
    }
},
{
    "__comment": "1",
    "from": [ 5.75, 12.5, 16 ],
    "to": [ 10.25, 13.5, 17 ],
    "faces": {
        "down":  { "uv": [ 9.75, 16, 6.25, 14 ], "texture": "#M1911A1-1" },
        "up":    { "uv": [ 6.25, 14, 9.75, 16 ], "texture": "#M1911A1-1" },
        "north": { "uv": [ 6.25, 7.5, 9.75, 12 ], "texture": "#M1911A1-1" },
        "south": { "uv": [ 6.25, 7.5, 9.75, 12 ], "texture": "#M1911A1-1" },
        "west":  { "uv": [ 14, 7.5, 16, 12 ], "texture": "#M1911A1-1" },
        "east":  { "uv": [ 0, 7.5, 2, 12 ], "texture": "#M1911A1-1" }
    }
},
{
    "__comment": "1",
    "from": [ 6.5, 13.75, 22.0625 ],
    "to": [ 7.25, 15.75, 23.0625 ],
    "rotation": { "origin": [ 6.5, 15.75, 22.0625 ], "axis": "x", "angle": -45 },
    "faces": {
        "down":  { "uv": [ 9.75, 16, 6.25, 14 ], "texture": "#M1911A1-1" },
        "up":    { "uv": [ 6.25, 14, 9.75, 16 ], "texture": "#M1911A1-1" },
        "north": { "uv": [ 6.25, 7.5, 9.75, 12 ], "texture": "#M1911A1-1" },
        "south": { "uv": [ 6.25, 7.5, 9.75, 12 ], "texture": "#M1911A1-1" },
        "west":  { "uv": [ 14, 7.5, 16, 12 ], "texture": "#M1911A1-1" },
        "east":  { "uv": [ 0, 7.5, 2, 12 ], "texture": "#M1911A1-1" }
    }
},
{
    "__comment": "1",
    "from": [ 8.75, 13.75, 22.0625 ],
    "to": [ 9.5, 15.75, 23.0625 ],
    "rotation": { "origin": [ 8.75, 15.75, 22.0625 ], "axis": "x", "angle": -45 },
    "faces": {
        "down":  { "uv": [ 9.75, 16, 6.25, 14 ], "texture": "#M1911A1-1" },
        "up":    { "uv": [ 6.25, 14, 9.75, 16 ], "texture": "#M1911A1-1" },
        "north": { "uv": [ 6.25, 7.5, 9.75, 12 ], "texture": "#M1911A1-1" },
        "south": { "uv": [ 6.25, 7.5, 9.75, 12 ], "texture": "#M1911A1-1" },
        "west":  { "uv": [ 14, 7.5, 16, 12 ], "texture": "#M1911A1-1" },
        "east":  { "uv": [ 0, 7.5, 2, 12 ], "texture": "#M1911A1-1" }
    }
},
{
    "__comment": "1",
    "from": [ 7, 18, 21.5 ],
    "to": [ 9, 19, 23.5 ],
    "rotation": { "origin": [ 7, 19, 21.5 ], "axis": "x", "angle": 45 },
    "faces": {
        "down":  { "uv": [ 9.75, 16, 6.25, 14 ], "texture": "#M1911A1-1" },
        "up":    { "uv": [ 6.25, 14, 9.75, 16 ], "texture": "#M1911A1-1" },
        "north": { "uv": [ 6.25, 7.5, 9.75, 12 ], "texture": "#M1911A1-1" },
        "south": { "uv": [ 6.25, 7.5, 9.75, 12 ], "texture": "#M1911A1-1" },
        "west":  { "uv": [ 14, 7.5, 16, 12 ], "texture": "#M1911A1-1" },
        "east":  { "uv": [ 0, 7.5, 2, 12 ], "texture": "#M1911A1-1" }
    }
},
{
    "__comment": "1",
    "from": [ 7, 16.48, 21 ],
    "to": [ 9, 17.48, 24 ],
    "rotation": { "origin": [ 7, 17.48, 21 ], "axis": "x", "angle": -22.5 },
    "faces": {
        "down":  { "uv": [ 9.75, 16, 6.25, 14 ], "texture": "#M1911A1-1" },
        "up":    { "uv": [ 6.25, 14, 9.75, 16 ], "texture": "#M1911A1-1" },
        "north": { "uv": [ 6.25, 7.5, 9.75, 12 ], "texture": "#M1911A1-1" },
        "south": { "uv": [ 6.25, 7.5, 9.75, 12 ], "texture": "#M1911A1-1" },
        "west":  { "uv": [ 14, 7.5, 16, 12 ], "texture": "#M1911A1-1" },
        "east":  { "uv": [ 0, 7.5, 2, 12 ], "texture": "#M1911A1-1" }
    }
},
{
    "__comment": "1",
    "from": [ 7, 15.125, 20.9375 ],
    "to": [ 9, 16.125, 23.9375 ],
    "rotation": { "origin": [ 7, 16.125, 20.9375 ], "axis": "x", "angle": -45 },
    "faces": {
        "down":  { "uv": [ 9.75, 16, 6.25, 14 ], "texture": "#M1911A1-1" },
        "up":    { "uv": [ 6.25, 14, 9.75, 16 ], "texture": "#M1911A1-1" },
        "north": { "uv": [ 6.25, 7.5, 9.75, 12 ], "texture": "#M1911A1-1" },
        "south": { "uv": [ 6.25, 7.5, 9.75, 12 ], "texture": "#M1911A1-1" },
        "west":  { "uv": [ 14, 7.5, 16, 12 ], "texture": "#M1911A1-1" },
        "east":  { "uv": [ 0, 7.5, 2, 12 ], "texture": "#M1911A1-1" }
    }
},
{
    "__comment": "1",
    "from": [ 7, 17.6875, 23.9375 ],
    "to": [ 9, 18.3125, 25 ],
    "faces": {
        "down":  { "uv": [ 9.75, 16, 6.25, 14 ], "texture": "#M1911A1-1" },
        "up":    { "uv": [ 6.25, 14, 9.75, 16 ], "texture": "#M1911A1-1" },
        "north": { "uv": [ 6.25, 7.5, 9.75, 12 ], "texture": "#M1911A1-1" },
        "south": { "uv": [ 6.25, 7.5, 9.75, 12 ], "texture": "#M1911A1-1" },
        "west":  { "uv": [ 14, 7.5, 16, 12 ], "texture": "#M1911A1-1" },
        "east":  { "uv": [ 0, 7.5, 2, 12 ], "texture": "#M1911A1-1" }
    }
},
{
    "__comment": "1",
    "from": [ 7, 17.9375, 23.75 ],
    "to": [ 9, 18.625, 24.625 ],
    "faces": {
        "down":  { "uv": [ 9.75, 16, 6.25, 14 ], "texture": "#M1911A1-1" },
        "up":    { "uv": [ 6.25, 14, 9.75, 16 ], "texture": "#M1911A1-1" },
        "north": { "uv": [ 6.25, 7.5, 9.75, 12 ], "texture": "#M1911A1-1" },
        "south": { "uv": [ 6.25, 7.5, 9.75, 12 ], "texture": "#M1911A1-1" },
        "west":  { "uv": [ 14, 7.5, 16, 12 ], "texture": "#M1911A1-1" },
        "east":  { "uv": [ 0, 7.5, 2, 12 ], "texture": "#M1911A1-1" }
    }
},
{
    "__comment": "1",
    "from": [ 6, 16, 14 ],
    "to": [ 10, 16.5, 22.75 ],
    "faces": {
        "down":  { "uv": [ 10, 16, 6, 16 ], "texture": "#M1911A1-1" },
        "up":    { "uv": [ 6, 16, 10, 16 ], "texture": "#M1911A1-1" },
        "north": { "uv": [ 6, 1, 10, 4 ], "texture": "#M1911A1-1" },
        "south": { "uv": [ 6, 1, 10, 4 ], "texture": "#M1911A1-1" },
        "west":  { "uv": [ 16, 1, 16, 4 ], "texture": "#M1911A1-1" },
        "east":  { "uv": [ 0, 1, 0, 4 ], "texture": "#M1911A1-1" }
    }
},
{
    "__comment": "1",
    "from": [ 6, 15.9375, 21.125 ],
    "to": [ 10, 17.9375, 22.125 ],
    "rotation": { "origin": [ 6, 17.9375, 21.125 ], "axis": "x", "angle": -22.5 },
    "faces": {
        "down":  { "uv": [ 10, 16, 6, 16 ], "texture": "#M1911A1-1" },
        "up":    { "uv": [ 6, 16, 10, 16 ], "texture": "#M1911A1-1" },
        "north": { "uv": [ 6, 1, 10, 4 ], "texture": "#M1911A1-1" },
        "south": { "uv": [ 6, 1, 10, 4 ], "texture": "#M1911A1-1" },
        "west":  { "uv": [ 16, 1, 16, 4 ], "texture": "#M1911A1-1" },
        "east":  { "uv": [ 0, 1, 0, 4 ], "texture": "#M1911A1-1" }
    }
},
{
    "__comment": "1",
    "from": [ 6, 15.125, 13.5 ],
    "to": [ 6.75, 15.875, 19.5 ],
    "faces": {
        "down":  { "uv": [ 9.75, 16, 6.25, 14 ], "texture": "#M1911A1-1" },
        "up":    { "uv": [ 6.25, 14, 9.75, 16 ], "texture": "#M1911A1-1" },
        "north": { "uv": [ 6.25, 7.5, 9.75, 12 ], "texture": "#M1911A1-1" },
        "south": { "uv": [ 6.25, 7.5, 9.75, 12 ], "texture": "#M1911A1-1" },
        "west":  { "uv": [ 14, 7.5, 16, 12 ], "texture": "#M1911A1-1" },
        "east":  { "uv": [ 0, 7.5, 2, 12 ], "texture": "#M1911A1-1" }
    }
},
{
    "__comment": "1",
    "from": [ 8.5, 19.5, 18.5 ],
    "to": [ 9.5, 20, 19.5 ],
    "rotation": { "origin": [ 8.5, 20, 18.5 ], "axis": "x", "angle": -45 },
    "faces": {
        "down":  { "uv": [ 9.75, 16, 6.25, 14 ], "texture": "#M1911A1-1" },
        "up":    { "uv": [ 6.25, 14, 9.75, 16 ], "texture": "#M1911A1-1" },
        "north": { "uv": [ 6.25, 7.5, 9.75, 12 ], "texture": "#M1911A1-1" },
        "south": { "uv": [ 6.25, 7.5, 9.75, 12 ], "texture": "#M1911A1-1" },
        "west":  { "uv": [ 14, 7.5, 16, 12 ], "texture": "#M1911A1-1" },
        "east":  { "uv": [ 0, 7.5, 2, 12 ], "texture": "#M1911A1-1" }
    }
},
{
    "__comment": "1",
    "from": [ 8.5, 20.1875, 19.8125 ],
    "to": [ 9.5, 20.6875, 20.8125 ],
    "rotation": { "origin": [ 8.5, 20.6875, 19.8125 ], "axis": "x", "angle": 45 },
    "faces": {
        "down":  { "uv": [ 9.75, 16, 6.25, 14 ], "texture": "#M1911A1-1" },
        "up":    { "uv": [ 6.25, 14, 9.75, 16 ], "texture": "#M1911A1-1" },
        "north": { "uv": [ 6.25, 7.5, 9.75, 12 ], "texture": "#M1911A1-1" },
        "south": { "uv": [ 6.25, 7.5, 9.75, 12 ], "texture": "#M1911A1-1" },
        "west":  { "uv": [ 14, 7.5, 16, 12 ], "texture": "#M1911A1-1" },
        "east":  { "uv": [ 0, 7.5, 2, 12 ], "texture": "#M1911A1-1" }
    }
},
{
    "__comment": "1",
    "from": [ 8.5, 19.6975, 19.1875 ],
    "to": [ 9.5, 20.6975, 19.8125 ],
    "faces": {
        "down":  { "uv": [ 9.75, 16, 6.25, 14 ], "texture": "#M1911A1-1" },
        "up":    { "uv": [ 6.25, 14, 9.75, 16 ], "texture": "#M1911A1-1" },
        "north": { "uv": [ 6.25, 7.5, 9.75, 12 ], "texture": "#M1911A1-1" },
        "south": { "uv": [ 6.25, 7.5, 9.75, 12 ], "texture": "#M1911A1-1" },
        "west":  { "uv": [ 14, 7.5, 16, 12 ], "texture": "#M1911A1-1" },
        "east":  { "uv": [ 0, 7.5, 2, 12 ], "texture": "#M1911A1-1" }
    }
},
{
    "__comment": "1",
    "from": [ 8.5, 20.5, 19.375 ],
    "to": [ 9.5, 21.0625, 19.625 ],
    "faces": {
        "down":  { "uv": [ 9.75, 16, 6.25, 14 ], "texture": "#M1911A1-1" },
        "up":    { "uv": [ 6.25, 14, 9.75, 16 ], "texture": "#M1911A1-1" },
        "north": { "uv": [ 6.25, 7.5, 9.75, 12 ], "texture": "#M1911A1-1" },
        "south": { "uv": [ 6.25, 7.5, 9.75, 12 ], "texture": "#M1911A1-1" },
        "west":  { "uv": [ 14, 7.5, 16, 12 ], "texture": "#M1911A1-1" },
        "east":  { "uv": [ 0, 7.5, 2, 12 ], "texture": "#M1911A1-1" }
    }
},
{
    "__comment": "1",
    "from": [ 6.5, 18.75, 18.5 ],
    "to": [ 9.5, 20.25, 20.5 ],
    "faces": {
        "down":  { "uv": [ 9.75, 16, 6.25, 14 ], "texture": "#M1911A1-1" },
        "up":    { "uv": [ 6.25, 14, 9.75, 16 ], "texture": "#M1911A1-1" },
        "north": { "uv": [ 6.25, 7.5, 9.75, 12 ], "texture": "#M1911A1-1" },
        "south": { "uv": [ 6.25, 7.5, 9.75, 12 ], "texture": "#M1911A1-1" },
        "west":  { "uv": [ 14, 7.5, 16, 12 ], "texture": "#M1911A1-1" },
        "east":  { "uv": [ 0, 7.5, 2, 12 ], "texture": "#M1911A1-1" }
    }
},
{
    "__comment": "1",
    "from": [ 6.5, 19.5, 18.5 ],
    "to": [ 7.5, 20, 19.5 ],
    "rotation": { "origin": [ 6.5, 20, 18.5 ], "axis": "x", "angle": -45 },
    "faces": {
        "down":  { "uv": [ 9.75, 16, 6.25, 14 ], "texture": "#M1911A1-1" },
        "up":    { "uv": [ 6.25, 14, 9.75, 16 ], "texture": "#M1911A1-1" },
        "north": { "uv": [ 6.25, 7.5, 9.75, 12 ], "texture": "#M1911A1-1" },
        "south": { "uv": [ 6.25, 7.5, 9.75, 12 ], "texture": "#M1911A1-1" },
        "west":  { "uv": [ 14, 7.5, 16, 12 ], "texture": "#M1911A1-1" },
        "east":  { "uv": [ 0, 7.5, 2, 12 ], "texture": "#M1911A1-1" }
    }
},
{
    "__comment": "1",
    "from": [ 6.5, 20.1875, 19.8125 ],
    "to": [ 7.5, 20.6875, 20.8125 ],
    "rotation": { "origin": [ 6.5, 20.6875, 19.8125 ], "axis": "x", "angle": 45 },
    "faces": {
        "down":  { "uv": [ 9.75, 16, 6.25, 14 ], "texture": "#M1911A1-1" },
        "up":    { "uv": [ 6.25, 14, 9.75, 16 ], "texture": "#M1911A1-1" },
        "north": { "uv": [ 6.25, 7.5, 9.75, 12 ], "texture": "#M1911A1-1" },
        "south": { "uv": [ 6.25, 7.5, 9.75, 12 ], "texture": "#M1911A1-1" },
        "west":  { "uv": [ 14, 7.5, 16, 12 ], "texture": "#M1911A1-1" },
        "east":  { "uv": [ 0, 7.5, 2, 12 ], "texture": "#M1911A1-1" }
    }
},
{
    "__comment": "1",
    "from": [ 6.5, 19.6875, 19.1875 ],
    "to": [ 7.5, 20.6875, 19.8125 ],
    "faces": {
        "down":  { "uv": [ 9.75, 16, 6.25, 14 ], "texture": "#M1911A1-1" },
        "up":    { "uv": [ 6.25, 14, 9.75, 16 ], "texture": "#M1911A1-1" },
        "north": { "uv": [ 6.25, 7.5, 9.75, 12 ], "texture": "#M1911A1-1" },
        "south": { "uv": [ 6.25, 7.5, 9.75, 12 ], "texture": "#M1911A1-1" },
        "west":  { "uv": [ 14, 7.5, 16, 12 ], "texture": "#M1911A1-1" },
        "east":  { "uv": [ 0, 7.5, 2, 12 ], "texture": "#M1911A1-1" }
    }
},
{
    "__comment": "1",
    "from": [ 6.5, 20.5, 19.375 ],
    "to": [ 7.5, 21.0625, 19.625 ],
    "faces": {
        "down":  { "uv": [ 9.75, 16, 6.25, 14 ], "texture": "#M1911A1-1" },
        "up":    { "uv": [ 6.25, 14, 9.75, 16 ], "texture": "#M1911A1-1" },
        "north": { "uv": [ 6.25, 7.5, 9.75, 12 ], "texture": "#M1911A1-1" },
        "south": { "uv": [ 6.25, 7.5, 9.75, 12 ], "texture": "#M1911A1-1" },
        "west":  { "uv": [ 14, 7.5, 16, 12 ], "texture": "#M1911A1-1" },
        "east":  { "uv": [ 0, 7.5, 2, 12 ], "texture": "#M1911A1-1" }
    }
},
{
    "__comment": "1",
    "from": [ 6, 13.625, 7.5 ],
    "to": [ 6.75, 15.5, 13.5 ],
    "faces": {
        "down":  { "uv": [ 9.75, 16, 6.25, 14 ], "texture": "#M1911A1-1" },
        "up":    { "uv": [ 6.25, 14, 9.75, 16 ], "texture": "#M1911A1-1" },
        "north": { "uv": [ 6.25, 7.5, 9.75, 12 ], "texture": "#M1911A1-1" },
        "south": { "uv": [ 6.25, 7.5, 9.75, 12 ], "texture": "#M1911A1-1" },
        "west":  { "uv": [ 14, 7.5, 16, 12 ], "texture": "#M1911A1-1" },
        "east":  { "uv": [ 0, 7.5, 2, 12 ], "texture": "#M1911A1-1" }
    }
},
{
    "__comment": "1",
    "from": [ 6, 14.5, 11 ],
    "to": [ 6.75, 15.5, 13.5 ],
    "rotation": { "origin": [ 6, 15.5, 11 ], "axis": "z", "angle": -22.5 },
    "faces": {
        "down":  { "uv": [ 9.75, 16, 6.25, 14 ], "texture": "#M1911A1-1" },
        "up":    { "uv": [ 6.25, 14, 9.75, 16 ], "texture": "#M1911A1-1" },
        "north": { "uv": [ 6.25, 7.5, 9.75, 12 ], "texture": "#M1911A1-1" },
        "south": { "uv": [ 6.25, 7.5, 9.75, 12 ], "texture": "#M1911A1-1" },
        "west":  { "uv": [ 14, 7.5, 16, 12 ], "texture": "#M1911A1-1" },
        "east":  { "uv": [ 0, 7.5, 2, 12 ], "texture": "#M1911A1-1" }
    }
},
{
    "__comment": "1",
    "from": [ 5.625, 13.56, 11 ],
    "to": [ 6.375, 14.56, 13.5 ],
    "rotation": { "origin": [ 5.625, 14.56, 11 ], "axis": "z", "angle": 22.5 },
    "faces": {
        "down":  { "uv": [ 9.75, 16, 6.25, 14 ], "texture": "#M1911A1-1" },
        "up":    { "uv": [ 6.25, 14, 9.75, 16 ], "texture": "#M1911A1-1" },
        "north": { "uv": [ 6.25, 7.5, 9.75, 12 ], "texture": "#M1911A1-1" },
        "south": { "uv": [ 6.25, 7.5, 9.75, 12 ], "texture": "#M1911A1-1" },
        "west":  { "uv": [ 14, 7.5, 16, 12 ], "texture": "#M1911A1-1" },
        "east":  { "uv": [ 0, 7.5, 2, 12 ], "texture": "#M1911A1-1" }
    }
},
{
    "__comment": "1",
    "from": [ 6, 14, 7 ],
    "to": [ 6.75, 15, 8 ],
    "faces": {
        "down":  { "uv": [ 9.75, 16, 6.25, 14 ], "texture": "#M1911A1-1" },
        "up":    { "uv": [ 6.25, 14, 9.75, 16 ], "texture": "#M1911A1-1" },
        "north": { "uv": [ 6.25, 7.5, 9.75, 12 ], "texture": "#M1911A1-1" },
        "south": { "uv": [ 6.25, 7.5, 9.75, 12 ], "texture": "#M1911A1-1" },
        "west":  { "uv": [ 14, 7.5, 16, 12 ], "texture": "#M1911A1-1" },
        "east":  { "uv": [ 0, 7.5, 2, 12 ], "texture": "#M1911A1-1" }
    }
},
{
    "__comment": "1",
    "from": [ 6, 15, -10 ],
    "to": [ 6.5, 16, -4 ],
    "rotation": { "origin": [ 6, 16, -10 ], "axis": "z", "angle": 45 },
    "faces": {
        "down":  { "uv": [ 10, 16, 9, 0 ], "texture": "#M1911A1-1" },
        "up":    { "uv": [ 6, 0, 7, 16 ], "texture": "#M1911A1-1" },
        "north": { "uv": [ 9, 1, 10, 4 ], "texture": "#M1911A1-1" },
        "south": { "uv": [ 6, 1, 7, 4 ], "texture": "#M1911A1-1" },
        "west":  { "uv": [ 0, 1, 16, 4 ], "texture": "#M1911A1-1" },
        "east":  { "uv": [ 0, 1, 16, 4 ], "texture": "#M1911A1-1" }
    }
},
{
    "__comment": "1",
    "from": [ 9.625, 15.3425, -10 ],
    "to": [ 10.125, 16.3425, -4 ],
    "rotation": { "origin": [ 9.625, 16.3425, -10 ], "axis": "z", "angle": -45 },
    "faces": {
        "down":  { "uv": [ 10, 16, 9, 0 ], "texture": "#M1911A1-1" },
        "up":    { "uv": [ 6, 0, 7, 16 ], "texture": "#M1911A1-1" },
        "north": { "uv": [ 9, 1, 10, 4 ], "texture": "#M1911A1-1" },
        "south": { "uv": [ 6, 1, 7, 4 ], "texture": "#M1911A1-1" },
        "west":  { "uv": [ 0, 1, 16, 4 ], "texture": "#M1911A1-1" },
        "east":  { "uv": [ 0, 1, 16, 4 ], "texture": "#M1911A1-1" }
    }
},
{
    "__comment": "3",
    "from": [ 7.5, 18.5, -11 ],
    "to": [ 8.5, 19, -10.5 ],
    "faces": {
        "down":  { "uv": [ 8.5, 0, 7.5, 0 ], "texture": "#M1911A1-3" },
        "up":    { "uv": [ 7.5, 0, 8.5, 0 ], "texture": "#M1911A1-3" },
        "north": { "uv": [ 7.5, 0.5, 8.5, 1.5 ], "texture": "#M1911A1-3" },
        "south": { "uv": [ 7.5, 0.5, 8.5, 1.5 ], "texture": "#M1911A1-3" },
        "west":  { "uv": [ 0, 0.5, 0, 1.5 ], "texture": "#M1911A1-3" },
        "east":  { "uv": [ 16, 0.5, 16, 1.5 ], "texture": "#M1911A1-3" }
    }
},
{
    "__comment": "3",
    "from": [ 7.5, 17, -11 ],
    "to": [ 8.5, 17.5, -10.5 ],
    "faces": {
        "down":  { "uv": [ 8.5, 0, 7.5, 0 ], "texture": "#M1911A1-3" },
        "up":    { "uv": [ 7.5, 0, 8.5, 0 ], "texture": "#M1911A1-3" },
        "north": { "uv": [ 7.5, 0.5, 8.5, 1.5 ], "texture": "#M1911A1-3" },
        "south": { "uv": [ 7.5, 0.5, 8.5, 1.5 ], "texture": "#M1911A1-3" },
        "west":  { "uv": [ 0, 0.5, 0, 1.5 ], "texture": "#M1911A1-3" },
        "east":  { "uv": [ 16, 0.5, 16, 1.5 ], "texture": "#M1911A1-3" }
    }
},
{
    "__comment": "3",
    "from": [ 8.5, 17.5, -11 ],
    "to": [ 9, 18.5, -10.5 ],
    "faces": {
        "down":  { "uv": [ 8.5, 0, 7.5, 0 ], "texture": "#M1911A1-3" },
        "up":    { "uv": [ 7.5, 0, 8.5, 0 ], "texture": "#M1911A1-3" },
        "north": { "uv": [ 7.5, 0.5, 8.5, 1.5 ], "texture": "#M1911A1-3" },
        "south": { "uv": [ 7.5, 0.5, 8.5, 1.5 ], "texture": "#M1911A1-3" },
        "west":  { "uv": [ 0, 0.5, 0, 1.5 ], "texture": "#M1911A1-3" },
        "east":  { "uv": [ 16, 0.5, 16, 1.5 ], "texture": "#M1911A1-3" }
    }
},
{
    "__comment": "3",
    "from": [ 7, 17.5, -11 ],
    "to": [ 7.5, 18.5, -10.5 ],
    "faces": {
        "down":  { "uv": [ 8.5, 0, 7.5, 0 ], "texture": "#M1911A1-3" },
        "up":    { "uv": [ 7.5, 0, 8.5, 0 ], "texture": "#M1911A1-3" },
        "north": { "uv": [ 7.5, 0.5, 8.5, 1.5 ], "texture": "#M1911A1-3" },
        "south": { "uv": [ 7.5, 0.5, 8.5, 1.5 ], "texture": "#M1911A1-3" },
        "west":  { "uv": [ 0, 0.5, 0, 1.5 ], "texture": "#M1911A1-3" },
        "east":  { "uv": [ 16, 0.5, 16, 1.5 ], "texture": "#M1911A1-3" }
    }
},
{
    "__comment": "3",
    "from": [ 7.5, 18.3125, -11 ],
    "to": [ 8, 19, -10.5 ],
    "rotation": { "origin": [ 7.5, 19, -11 ], "axis": "z", "angle": -45 },
    "faces": {
        "down":  { "uv": [ 8.5, 0, 7.5, 0 ], "texture": "#M1911A1-3" },
        "up":    { "uv": [ 7.5, 0, 8.5, 0 ], "texture": "#M1911A1-3" },
        "north": { "uv": [ 7.5, 0.5, 8.5, 1.5 ], "texture": "#M1911A1-3" },
        "south": { "uv": [ 7.5, 0.5, 8.5, 1.5 ], "texture": "#M1911A1-3" },
        "west":  { "uv": [ 0, 0.5, 0, 1.5 ], "texture": "#M1911A1-3" },
        "east":  { "uv": [ 16, 0.5, 16, 1.5 ], "texture": "#M1911A1-3" }
    }
},
{
    "__comment": "3",
    "from": [ 8.145, 17.9575, -11 ],
    "to": [ 8.645, 18.645, -10.5 ],
    "rotation": { "origin": [ 8.145, 18.645, -11 ], "axis": "z", "angle": 45 },
    "faces": {
        "down":  { "uv": [ 8.5, 0, 7.5, 0 ], "texture": "#M1911A1-3" },
        "up":    { "uv": [ 7.5, 0, 8.5, 0 ], "texture": "#M1911A1-3" },
        "north": { "uv": [ 7.5, 0.5, 8.5, 1.5 ], "texture": "#M1911A1-3" },
        "south": { "uv": [ 7.5, 0.5, 8.5, 1.5 ], "texture": "#M1911A1-3" },
        "west":  { "uv": [ 0, 0.5, 0, 1.5 ], "texture": "#M1911A1-3" },
        "east":  { "uv": [ 16, 0.5, 16, 1.5 ], "texture": "#M1911A1-3" }
    }
},
{
    "__comment": "3",
    "from": [ 7, 16.8125, -11 ],
    "to": [ 7.5, 17.5, -10.5 ],
    "rotation": { "origin": [ 7, 17.5, -11 ], "axis": "z", "angle": 45 },
    "faces": {
        "down":  { "uv": [ 8.5, 0, 7.5, 0 ], "texture": "#M1911A1-3" },
        "up":    { "uv": [ 7.5, 0, 8.5, 0 ], "texture": "#M1911A1-3" },
        "north": { "uv": [ 7.5, 0.5, 8.5, 1.5 ], "texture": "#M1911A1-3" },
        "south": { "uv": [ 7.5, 0.5, 8.5, 1.5 ], "texture": "#M1911A1-3" },
        "west":  { "uv": [ 0, 0.5, 0, 1.5 ], "texture": "#M1911A1-3" },
        "east":  { "uv": [ 16, 0.5, 16, 1.5 ], "texture": "#M1911A1-3" }
    }
},
{
    "__comment": "3",
    "from": [ 8.645, 17.155, -11 ],
    "to": [ 9.145, 17.8425, -10.5 ],
    "rotation": { "origin": [ 8.645, 17.8425, -11 ], "axis": "z", "angle": -45 },
    "faces": {
        "down":  { "uv": [ 8.5, 0, 7.5, 0 ], "texture": "#M1911A1-3" },
        "up":    { "uv": [ 7.5, 0, 8.5, 0 ], "texture": "#M1911A1-3" },
        "north": { "uv": [ 7.5, 0.5, 8.5, 1.5 ], "texture": "#M1911A1-3" },
        "south": { "uv": [ 7.5, 0.5, 8.5, 1.5 ], "texture": "#M1911A1-3" },
        "west":  { "uv": [ 0, 0.5, 0, 1.5 ], "texture": "#M1911A1-3" },
        "east":  { "uv": [ 16, 0.5, 16, 1.5 ], "texture": "#M1911A1-3" }
    }
},
{
    "__comment": "1",
    "from": [ 5.75, 8.5, 12.5 ],
    "to": [ 10.25, 9.5, 13.5 ],
    "faces": {
        "down":  { "uv": [ 9.75, 16, 6.25, 14 ], "texture": "#M1911A1-1" },
        "up":    { "uv": [ 6.25, 14, 9.75, 16 ], "texture": "#M1911A1-1" },
        "north": { "uv": [ 6.25, 7.5, 9.75, 12 ], "texture": "#M1911A1-1" },
        "south": { "uv": [ 6.25, 7.5, 9.75, 12 ], "texture": "#M1911A1-1" },
        "west":  { "uv": [ 14, 7.5, 16, 12 ], "texture": "#M1911A1-1" },
        "east":  { "uv": [ 0, 7.5, 2, 12 ], "texture": "#M1911A1-1" }
    }
},
{
    "__comment": "1",
    "from": [ 6, -1.125, 25.625 ],
    "to": [ 10, -0.625, 26.125 ],
    "rotation": { "origin": [ 6, -0.625, 25.625 ], "axis": "x", "angle": -22.5 },
    "faces": {
        "down":  { "uv": [ 9.75, 16, 6.25, 14 ], "texture": "#M1911A1-1" },
        "up":    { "uv": [ 6.25, 14, 9.75, 16 ], "texture": "#M1911A1-1" },
        "north": { "uv": [ 6.25, 7.5, 9.75, 12 ], "texture": "#M1911A1-1" },
        "south": { "uv": [ 6.25, 7.5, 9.75, 12 ], "texture": "#M1911A1-1" },
        "west":  { "uv": [ 14, 7.5, 16, 12 ], "texture": "#M1911A1-1" },
        "east":  { "uv": [ 0, 7.5, 2, 12 ], "texture": "#M1911A1-1" }
    }
},
{
    "__comment": "1",
    "from": [ 6.5, 6, 21 ],
    "to": [ 9.5, 10.5, 22 ],
    "rotation": { "origin": [ 6.5, 10.5, 21 ], "axis": "x", "angle": -22.5 },
    "faces": {
        "down":  { "uv": [ 9.75, 16, 6.25, 14 ], "texture": "#M1911A1-1" },
        "up":    { "uv": [ 6.25, 14, 9.75, 16 ], "texture": "#M1911A1-1" },
        "north": { "uv": [ 6.25, 7.5, 9.75, 12 ], "texture": "#M1911A1-1" },
        "south": { "uv": [ 6.25, 7.5, 9.75, 12 ], "texture": "#M1911A1-1" },
        "west":  { "uv": [ 14, 7.5, 16, 12 ], "texture": "#M1911A1-1" },
        "east":  { "uv": [ 0, 7.5, 2, 12 ], "texture": "#M1911A1-1" }
    }
},
{
    "__comment": "1",
    "from": [ 6.5, 9.5, 21.5 ],
    "to": [ 9.5, 12.5, 22.5 ],
    "faces": {
        "down":  { "uv": [ 9.75, 16, 6.25, 14 ], "texture": "#M1911A1-1" },
        "up":    { "uv": [ 6.25, 14, 9.75, 16 ], "texture": "#M1911A1-1" },
        "north": { "uv": [ 6.25, 7.5, 9.75, 12 ], "texture": "#M1911A1-1" },
        "south": { "uv": [ 6.25, 7.5, 9.75, 12 ], "texture": "#M1911A1-1" },
        "west":  { "uv": [ 14, 7.5, 16, 12 ], "texture": "#M1911A1-1" },
        "east":  { "uv": [ 0, 7.5, 2, 12 ], "texture": "#M1911A1-1" }
    }
},
{
    "__comment": "1",
    "from": [ 6.5, 11, 23.5 ],
    "to": [ 9.5, 14, 24.5 ],
    "rotation": { "origin": [ 6.5, 14, 23.5 ], "axis": "x", "angle": 45 },
    "faces": {
        "down":  { "uv": [ 9.75, 16, 6.25, 14 ], "texture": "#M1911A1-1" },
        "up":    { "uv": [ 6.25, 14, 9.75, 16 ], "texture": "#M1911A1-1" },
        "north": { "uv": [ 6.25, 7.5, 9.75, 12 ], "texture": "#M1911A1-1" },
        "south": { "uv": [ 6.25, 7.5, 9.75, 12 ], "texture": "#M1911A1-1" },
        "west":  { "uv": [ 14, 7.5, 16, 12 ], "texture": "#M1911A1-1" },
        "east":  { "uv": [ 0, 7.5, 2, 12 ], "texture": "#M1911A1-1" }
    }
},
{
    "__comment": "1",
    "from": [ 6.25, -1, 23 ],
    "to": [ 9.75, 5, 24 ],
    "rotation": { "origin": [ 6.25, 5, 23 ], "axis": "x", "angle": -22.5 },
    "faces": {
        "down":  { "uv": [ 9.75, 16, 6.25, 14 ], "texture": "#M1911A1-1" },
        "up":    { "uv": [ 6.25, 14, 9.75, 16 ], "texture": "#M1911A1-1" },
        "north": { "uv": [ 6.25, 7.5, 9.75, 12 ], "texture": "#M1911A1-1" },
        "south": { "uv": [ 6.25, 7.5, 9.75, 12 ], "texture": "#M1911A1-1" },
        "west":  { "uv": [ 14, 7.5, 16, 12 ], "texture": "#M1911A1-1" },
        "east":  { "uv": [ 0, 7.5, 2, 12 ], "texture": "#M1911A1-1" }
    }
},
{
    "__comment": "1",
    "from": [ 6, 15, 21 ],
    "to": [ 6.75, 16, 23.5 ],
    "rotation": { "origin": [ 6, 16, 21 ], "axis": "x", "angle": 22.5 },
    "faces": {
        "down":  { "uv": [ 9.75, 16, 6.25, 14 ], "texture": "#M1911A1-1" },
        "up":    { "uv": [ 6.25, 14, 9.75, 16 ], "texture": "#M1911A1-1" },
        "north": { "uv": [ 6.25, 7.5, 9.75, 12 ], "texture": "#M1911A1-1" },
        "south": { "uv": [ 6.25, 7.5, 9.75, 12 ], "texture": "#M1911A1-1" },
        "west":  { "uv": [ 14, 7.5, 16, 12 ], "texture": "#M1911A1-1" },
        "east":  { "uv": [ 0, 7.5, 2, 12 ], "texture": "#M1911A1-1" }
    }
},
{
    "__comment": "1",
    "from": [ 6, 14, 20 ],
    "to": [ 6.75, 16, 21 ],
    "faces": {
        "down":  { "uv": [ 9.75, 16, 6.25, 14 ], "texture": "#M1911A1-1" },
        "up":    { "uv": [ 6.25, 14, 9.75, 16 ], "texture": "#M1911A1-1" },
        "north": { "uv": [ 6.25, 7.5, 9.75, 12 ], "texture": "#M1911A1-1" },
        "south": { "uv": [ 6.25, 7.5, 9.75, 12 ], "texture": "#M1911A1-1" },
        "west":  { "uv": [ 14, 7.5, 16, 12 ], "texture": "#M1911A1-1" },
        "east":  { "uv": [ 0, 7.5, 2, 12 ], "texture": "#M1911A1-1" }
    }
},
{
    "__comment": "1",
    "from": [ 6, 11.1875, 20 ],
    "to": [ 6.75, 14, 21 ],
    "rotation": { "origin": [ 6, 14, 20 ], "axis": "x", "angle": -22.5 },
    "faces": {
        "down":  { "uv": [ 9.75, 16, 6.25, 14 ], "texture": "#M1911A1-1" },
        "up":    { "uv": [ 6.25, 14, 9.75, 16 ], "texture": "#M1911A1-1" },
        "north": { "uv": [ 6.25, 7.5, 9.75, 12 ], "texture": "#M1911A1-1" },
        "south": { "uv": [ 6.25, 7.5, 9.75, 12 ], "texture": "#M1911A1-1" },
        "west":  { "uv": [ 14, 7.5, 16, 12 ], "texture": "#M1911A1-1" },
        "east":  { "uv": [ 0, 7.5, 2, 12 ], "texture": "#M1911A1-1" }
    }
},
{
    "__comment": "1",
    "from": [ 6, 11.9375, 22.1875 ],
    "to": [ 6.75, 14.9375, 23.1875 ],
    "rotation": { "origin": [ 6, 14.9375, 22.1875 ], "axis": "x", "angle": 22.5 },
    "faces": {
        "down":  { "uv": [ 9.75, 16, 6.25, 14 ], "texture": "#M1911A1-1" },
        "up":    { "uv": [ 6.25, 14, 9.75, 16 ], "texture": "#M1911A1-1" },
        "north": { "uv": [ 6.25, 7.5, 9.75, 12 ], "texture": "#M1911A1-1" },
        "south": { "uv": [ 6.25, 7.5, 9.75, 12 ], "texture": "#M1911A1-1" },
        "west":  { "uv": [ 14, 7.5, 16, 12 ], "texture": "#M1911A1-1" },
        "east":  { "uv": [ 0, 7.5, 2, 12 ], "texture": "#M1911A1-1" }
    }
},
{
    "__comment": "1",
    "from": [ 6, 13, 20.5 ],
    "to": [ 6.75, 15, 22 ],
    "faces": {
        "down":  { "uv": [ 9.75, 16, 6.25, 14 ], "texture": "#M1911A1-1" },
        "up":    { "uv": [ 6.25, 14, 9.75, 16 ], "texture": "#M1911A1-1" },
        "north": { "uv": [ 6.25, 7.5, 9.75, 12 ], "texture": "#M1911A1-1" },
        "south": { "uv": [ 6.25, 7.5, 9.75, 12 ], "texture": "#M1911A1-1" },
        "west":  { "uv": [ 14, 7.5, 16, 12 ], "texture": "#M1911A1-1" },
        "east":  { "uv": [ 0, 7.5, 2, 12 ], "texture": "#M1911A1-1" }
    }
},
{
    "__comment": "1",
    "from": [ 5.5, 15.5, 20.5 ],
    "to": [ 6.5, 16, 22 ],
    "rotation": { "origin": [ 5.5, 16, 20.5 ], "axis": "x", "angle": 22.5 },
    "faces": {
        "down":  { "uv": [ 9.75, 16, 6.25, 14 ], "texture": "#M1911A1-1" },
        "up":    { "uv": [ 6.25, 14, 9.75, 16 ], "texture": "#M1911A1-1" },
        "north": { "uv": [ 6.25, 7.5, 9.75, 12 ], "texture": "#M1911A1-1" },
        "south": { "uv": [ 6.25, 7.5, 9.75, 12 ], "texture": "#M1911A1-1" },
        "west":  { "uv": [ 14, 7.5, 16, 12 ], "texture": "#M1911A1-1" },
        "east":  { "uv": [ 0, 7.5, 2, 12 ], "texture": "#M1911A1-1" }
    }
},
{
    "__comment": "1",
    "from": [ 6.5, -2.75, 22.25 ],
    "to": [ 9.5, -1.75, 26.25 ],
    "rotation": { "origin": [ 6.5, -1.75, 22.25 ], "axis": "x", "angle": -22.5 },
    "faces": {
        "down":  { "uv": [ 9.75, 16, 6.25, 14 ], "texture": "#M1911A1-1" },
        "up":    { "uv": [ 6.25, 14, 9.75, 16 ], "texture": "#M1911A1-1" },
        "north": { "uv": [ 6.25, 7.5, 9.75, 12 ], "texture": "#M1911A1-1" },
        "south": { "uv": [ 6.25, 7.5, 9.75, 12 ], "texture": "#M1911A1-1" },
        "west":  { "uv": [ 14, 7.5, 16, 12 ], "texture": "#M1911A1-1" },
        "east":  { "uv": [ 0, 7.5, 2, 12 ], "texture": "#M1911A1-1" }
    }
},
{
    "__comment": "1",
    "from": [ 7, 18.135, 24.6575 ],
    "to": [ 9, 18.635, 25.1575 ],
    "rotation": { "origin": [ 7, 18.635, 24.6575 ], "axis": "x", "angle": 45 },
    "faces": {
        "down":  { "uv": [ 9.75, 16, 6.25, 14 ], "texture": "#M1911A1-1" },
        "up":    { "uv": [ 6.25, 14, 9.75, 16 ], "texture": "#M1911A1-1" },
        "north": { "uv": [ 6.25, 7.5, 9.75, 12 ], "texture": "#M1911A1-1" },
        "south": { "uv": [ 6.25, 7.5, 9.75, 12 ], "texture": "#M1911A1-1" },
        "west":  { "uv": [ 14, 7.5, 16, 12 ], "texture": "#M1911A1-1" },
        "east":  { "uv": [ 0, 7.5, 2, 12 ], "texture": "#M1911A1-1" }
    }
},
{
    "__comment": "1",
    "from": [ 9.5, 13.5, 23 ],
    "to": [ 10, 14, 23.5 ],
    "rotation": { "origin": [ 9.5, 14, 23 ], "axis": "x", "angle": -45 },
    "faces": {
        "down":  { "uv": [ 10, 16, 6, 16 ], "texture": "#M1911A1-1" },
        "up":    { "uv": [ 6, 16, 10, 16 ], "texture": "#M1911A1-1" },
        "north": { "uv": [ 6, 1, 10, 4 ], "texture": "#M1911A1-1" },
        "south": { "uv": [ 6, 1, 10, 4 ], "texture": "#M1911A1-1" },
        "west":  { "uv": [ 16, 1, 16, 4 ], "texture": "#M1911A1-1" },
        "east":  { "uv": [ 0, 1, 0, 4 ], "texture": "#M1911A1-1" }
    }
},
{
    "__comment": "1",
    "from": [ 9.5, 13.5, 20 ],
    "to": [ 10, 14, 20.5 ],
    "rotation": { "origin": [ 9.5, 14, 20 ], "axis": "x", "angle": -45 },
    "faces": {
        "down":  { "uv": [ 10, 16, 6, 16 ], "texture": "#M1911A1-1" },
        "up":    { "uv": [ 6, 16, 10, 16 ], "texture": "#M1911A1-1" },
        "north": { "uv": [ 6, 1, 10, 4 ], "texture": "#M1911A1-1" },
        "south": { "uv": [ 6, 1, 10, 4 ], "texture": "#M1911A1-1" },
        "west":  { "uv": [ 16, 1, 16, 4 ], "texture": "#M1911A1-1" },
        "east":  { "uv": [ 0, 1, 0, 4 ], "texture": "#M1911A1-1" }
    }
},
{
    "__comment": "1",
    "from": [ 9.5, 15, 21.5 ],
    "to": [ 10, 15.5, 22 ],
    "rotation": { "origin": [ 9.5, 15.5, 21.5 ], "axis": "x", "angle": -45 },
    "faces": {
        "down":  { "uv": [ 10, 16, 6, 16 ], "texture": "#M1911A1-1" },
        "up":    { "uv": [ 6, 16, 10, 16 ], "texture": "#M1911A1-1" },
        "north": { "uv": [ 6, 1, 10, 4 ], "texture": "#M1911A1-1" },
        "south": { "uv": [ 6, 1, 10, 4 ], "texture": "#M1911A1-1" },
        "west":  { "uv": [ 16, 1, 16, 4 ], "texture": "#M1911A1-1" },
        "east":  { "uv": [ 0, 1, 0, 4 ], "texture": "#M1911A1-1" }
    }
},
{
    "__comment": "1",
    "from": [ 9.25, 14, 8 ],
    "to": [ 10.25, 15, 9 ],
    "faces": {
        "down":  { "uv": [ 10, 16, 6, 16 ], "texture": "#M1911A1-1" },
        "up":    { "uv": [ 6, 16, 10, 16 ], "texture": "#M1911A1-1" },
        "north": { "uv": [ 6, 1, 10, 4 ], "texture": "#M1911A1-1" },
        "south": { "uv": [ 6, 1, 10, 4 ], "texture": "#M1911A1-1" },
        "west":  { "uv": [ 16, 1, 16, 4 ], "texture": "#M1911A1-1" },
        "east":  { "uv": [ 0, 1, 0, 4 ], "texture": "#M1911A1-1" }
    }
}
],
"display": {
    "thirdperson": {
        "rotation": [ 90, 0, -180 ],
        "translation": [ 0, 2, -1 ],
        "scale": [ 0.3, 0.3, 0.3 ]
    },
    "head": {
        "rotation": [ -30, 0, 0 ],
        "translation": [ -3.9, -15, 0 ],
        "scale": [ 0.4, 0.4, 0.4 ]
    },
    "ground": {
        "rotation": [ 0, 0, 90 ],
        "translation": [ 0, -6, 0 ],
        "scale": [ 1, 1, 1 ]
    },
    "fixed": {
        "rotation": [ 0, 90, 0 ],
        "translation": [ 0, 0, 0 ],
        "scale": [ 0.8, 0.8, 0.8 ]
    },
    "firstperson": {
        "rotation": [ 0, -45, 0 ],
        "translation": [ 3, 1, -10 ],
        "scale": [ 1, 1, 1 ]
    },
    "gui": {
        "rotation": [ 0, 45, 30 ],
        "translation": [ 0, 0, 0 ],
        "scale": [ 0.6, 0.6, 0.6 ]
    }
}
}