{
"__comment": "Designed by Optimus0812 with BDcraft Cubik PRO 0.95 Beta - http://bdcraft.net",
"textures": {
    "Phone-1": "3D/Phone-1",
    "Phone-2": "3D/Phone-2",
    "Phone-3": "3D/Phone-3",
    "Phone-4": "3D/Phone-4",
    "Phone-5": "3D/Phone-5"
},
"elements": [ 
{
    "__comment": "1",
    "from": [ 4, 15, 7 ],
    "to": [ 12, 16, 9 ],
    "faces": {
        "down":  { "uv": [ 12, 9, 4, 7 ], "texture": "#Phone-1" },
        "up":    { "uv": [ 4, 7, 12, 9 ], "texture": "#Phone-1" },
        "north": { "uv": [ 4, 0, 12, 1 ], "texture": "#Phone-1" },
        "south": { "uv": [ 4, 0, 12, 1 ], "texture": "#Phone-1" },
        "west":  { "uv": [ 7, 0, 9, 1 ], "texture": "#Phone-1" },
        "east":  { "uv": [ 7, 0, 9, 1 ], "texture": "#Phone-1" }
    }
},
{
    "__comment": "1",
    "from": [ 12, 1, 7 ],
    "to": [ 13, 15, 9 ],
    "faces": {
        "down":  { "uv": [ 4, 9, 3, 7 ], "texture": "#Phone-1" },
        "up":    { "uv": [ 12, 7, 13, 9 ], "texture": "#Phone-1" },
        "north": { "uv": [ 3, 1, 4, 15 ], "texture": "#Phone-1" },
        "south": { "uv": [ 12, 1, 13, 15 ], "texture": "#Phone-1" },
        "west":  { "uv": [ 7, 1, 9, 15 ], "texture": "#Phone-1" },
        "east":  { "uv": [ 7, 1, 9, 15 ], "texture": "#Phone-1" }
    }
},
{
    "__comment": "1",
    "from": [ 3, 1, 7 ],
    "to": [ 4, 15, 9 ],
    "faces": {
        "down":  { "uv": [ 13, 9, 12, 7 ], "texture": "#Phone-1" },
        "up":    { "uv": [ 3, 7, 4, 9 ], "texture": "#Phone-1" },
        "north": { "uv": [ 12, 1, 13, 15 ], "texture": "#Phone-1" },
        "south": { "uv": [ 3, 1, 4, 15 ], "texture": "#Phone-1" },
        "west":  { "uv": [ 7, 1, 9, 15 ], "texture": "#Phone-1" },
        "east":  { "uv": [ 7, 1, 9, 15 ], "texture": "#Phone-1" }
    }
},
{
    "__comment": "1",
    "from": [ 4, 0, 7 ],
    "to": [ 12, 1, 9 ],
    "faces": {
        "down":  { "uv": [ 12, 9, 4, 7 ], "texture": "#Phone-1" },
        "up":    { "uv": [ 4, 7, 12, 9 ], "texture": "#Phone-1" },
        "north": { "uv": [ 4, 15, 12, 16 ], "texture": "#Phone-1" },
        "south": { "uv": [ 4, 15, 12, 16 ], "texture": "#Phone-1" },
        "west":  { "uv": [ 7, 15, 9, 16 ], "texture": "#Phone-1" },
        "east":  { "uv": [ 7, 15, 9, 16 ], "texture": "#Phone-1" }
    }
},
{
    "__comment": "1",
    "from": [ 4, 1, 7 ],
    "to": [ 12, 15, 8 ],
    "faces": {
        "down":  { "uv": [ 12, 8, 4, 7 ], "texture": "#Phone-1" },
        "up":    { "uv": [ 4, 7, 12, 8 ], "texture": "#Phone-1" },
        "north": { "uv": [ 4, 1, 12, 15 ], "texture": "#Phone-1" },
        "south": { "uv": [ 4, 1, 12, 15 ], "texture": "#Phone-1" },
        "west":  { "uv": [ 7, 1, 8, 15 ], "texture": "#Phone-1" },
        "east":  { "uv": [ 8, 1, 9, 15 ], "texture": "#Phone-1" }
    }
},
{
    "__comment": "1",
    "from": [ 4, 1, 8 ],
    "to": [ 12, 2, 9 ],
    "faces": {
        "down":  { "uv": [ 12, 9, 4, 8 ], "texture": "#Phone-1" },
        "up":    { "uv": [ 4, 8, 12, 9 ], "texture": "#Phone-1" },
        "north": { "uv": [ 4, 14, 12, 15 ], "texture": "#Phone-1" },
        "south": { "uv": [ 4, 14, 12, 15 ], "texture": "#Phone-1" },
        "west":  { "uv": [ 8, 14, 9, 15 ], "texture": "#Phone-1" },
        "east":  { "uv": [ 7, 14, 8, 15 ], "texture": "#Phone-1" }
    }
},
{
    "__comment": "1",
    "from": [ 4, 14, 8 ],
    "to": [ 12, 15, 9 ],
    "faces": {
        "down":  { "uv": [ 12, 9, 4, 8 ], "texture": "#Phone-1" },
        "up":    { "uv": [ 4, 8, 12, 9 ], "texture": "#Phone-1" },
        "north": { "uv": [ 4, 1, 12, 2 ], "texture": "#Phone-1" },
        "south": { "uv": [ 4, 1, 12, 2 ], "texture": "#Phone-1" },
        "west":  { "uv": [ 8, 1, 9, 2 ], "texture": "#Phone-1" },
        "east":  { "uv": [ 7, 1, 8, 2 ], "texture": "#Phone-1" }
    }
},
{
    "__comment": "2",
    "from": [ 4, 1.5, 7.9375 ],
    "to": [ 12, 14.5, 8.9375 ],
    "faces": {
        "down":  { "uv": [ 12, 8.9375, 4, 7.9375 ], "texture": "#Phone-2" },
        "up":    { "uv": [ 4, 7.9375, 12, 8.9375 ], "texture": "#Phone-2" },
        "north": { "uv": [ 4, 1, 12, 14 ], "texture": "#Phone-2" },
        "south": { "uv": [ 4, 1, 12, 14 ], "texture": "#Phone-2" },
        "west":  { "uv": [ 7.9375, 1, 8.9375, 14 ], "texture": "#Phone-2" },
        "east":  { "uv": [ 7.0625, 1, 8.0625, 14 ], "texture": "#Phone-2" }
    }
},
{
    "__comment": "3",
    "from": [ 6.5, 15, 8.6 ],
    "to": [ 9.5, 15.5, 9.1 ],
    "faces": {
        "down":  { "uv": [ 9.5, 9.25, 6.5, 8.75 ], "texture": "#Phone-3" },
        "up":    { "uv": [ 6.5, 8.75, 9.5, 9.25 ], "texture": "#Phone-3" },
        "north": { "uv": [ 6.5, 0.5, 9.5, 1 ], "texture": "#Phone-3" },
        "south": { "uv": [ 6.5, 0.5, 9.5, 1 ], "texture": "#Phone-3" },
        "west":  { "uv": [ 8.75, 0.5, 9.25, 1 ], "texture": "#Phone-3" },
        "east":  { "uv": [ 6.75, 0.5, 7.25, 1 ], "texture": "#Phone-3" }
    }
},
{
    "__comment": "1",
    "from": [ 6.5, 0.5, 8.75 ],
    "to": [ 9.5, 1.5, 9.25 ],
    "faces": {
        "down":  { "uv": [ 9.5, 9.25, 6.5, 8.75 ], "texture": "#Phone-1" },
        "up":    { "uv": [ 6.5, 8.75, 9.5, 9.25 ], "texture": "#Phone-1" },
        "north": { "uv": [ 6.5, 14.5, 9.5, 15.5 ], "texture": "#Phone-1" },
        "south": { "uv": [ 6.5, 14.5, 9.5, 15.5 ], "texture": "#Phone-1" },
        "west":  { "uv": [ 8.75, 14.5, 9.25, 15.5 ], "texture": "#Phone-1" },
        "east":  { "uv": [ 6.75, 14.5, 7.25, 15.5 ], "texture": "#Phone-1" }
    }
},
{
    "__comment": "1",
    "from": [ 4, 14.5625, 7 ],
    "to": [ 5, 16, 9 ],
    "rotation": { "origin": [ 4, 16, 7 ], "axis": "z", "angle": -45 },
    "faces": {
        "down":  { "uv": [ 15.5, 9, 14.5, 7 ], "texture": "#Phone-1" },
        "up":    { "uv": [ 0.5, 7, 1.5, 9 ], "texture": "#Phone-1" },
        "north": { "uv": [ 14.5, 4, 15.5, 5.5 ], "texture": "#Phone-1" },
        "south": { "uv": [ 0.5, 4, 1.5, 5.5 ], "texture": "#Phone-1" },
        "west":  { "uv": [ 7, 4, 9, 5.5 ], "texture": "#Phone-1" },
        "east":  { "uv": [ 7, 4, 9, 5.5 ], "texture": "#Phone-1" }
    }
},
{
    "__comment": "1",
    "from": [ 11.2725, 13.8525, 7 ],
    "to": [ 12.2725, 15.29, 9 ],
    "rotation": { "origin": [ 11.2725, 15.29, 7 ], "axis": "z", "angle": 45 },
    "faces": {
        "down":  { "uv": [ 15.5, 9, 14.5, 7 ], "texture": "#Phone-1" },
        "up":    { "uv": [ 0.5, 7, 1.5, 9 ], "texture": "#Phone-1" },
        "north": { "uv": [ 14.5, 4, 15.5, 5.5 ], "texture": "#Phone-1" },
        "south": { "uv": [ 0.5, 4, 1.5, 5.5 ], "texture": "#Phone-1" },
        "west":  { "uv": [ 7, 4, 9, 5.5 ], "texture": "#Phone-1" },
        "east":  { "uv": [ 7, 4, 9, 5.5 ], "texture": "#Phone-1" }
    }
},
{
    "__comment": "1",
    "from": [ 3, -0.4375, 7 ],
    "to": [ 4, 1, 9 ],
    "rotation": { "origin": [ 3, 1, 7 ], "axis": "z", "angle": 45 },
    "faces": {
        "down":  { "uv": [ 15.5, 9, 14.5, 7 ], "texture": "#Phone-1" },
        "up":    { "uv": [ 0.5, 7, 1.5, 9 ], "texture": "#Phone-1" },
        "north": { "uv": [ 14.5, 4, 15.5, 5.5 ], "texture": "#Phone-1" },
        "south": { "uv": [ 0.5, 4, 1.5, 5.5 ], "texture": "#Phone-1" },
        "west":  { "uv": [ 7, 4, 9, 5.5 ], "texture": "#Phone-1" },
        "east":  { "uv": [ 7, 4, 9, 5.5 ], "texture": "#Phone-1" }
    }
},
{
    "__comment": "1",
    "from": [ 12.3125, 0.27, 7 ],
    "to": [ 13.3125, 1.7075, 9 ],
    "rotation": { "origin": [ 12.3125, 1.7075, 7 ], "axis": "z", "angle": -45 },
    "faces": {
        "down":  { "uv": [ 15.5, 9, 14.5, 7 ], "texture": "#Phone-1" },
        "up":    { "uv": [ 0.5, 7, 1.5, 9 ], "texture": "#Phone-1" },
        "north": { "uv": [ 14.5, 4, 15.5, 5.5 ], "texture": "#Phone-1" },
        "south": { "uv": [ 0.5, 4, 1.5, 5.5 ], "texture": "#Phone-1" },
        "west":  { "uv": [ 7, 4, 9, 5.5 ], "texture": "#Phone-1" },
        "east":  { "uv": [ 7, 4, 9, 5.5 ], "texture": "#Phone-1" }
    }
},
{
    "__comment": "1",
    "from": [ 6.5, 14.5, 6.75 ],
    "to": [ 9.5, 15, 7.25 ],
    "faces": {
        "down":  { "uv": [ 9.5, 7, 6.5, 6.5 ], "texture": "#Phone-1" },
        "up":    { "uv": [ 6.5, 6.5, 9.5, 7 ], "texture": "#Phone-1" },
        "north": { "uv": [ 6.5, 0, 9.5, 1 ], "texture": "#Phone-1" },
        "south": { "uv": [ 6.5, 0, 9.5, 1 ], "texture": "#Phone-1" },
        "west":  { "uv": [ 6.5, 0, 7, 1 ], "texture": "#Phone-1" },
        "east":  { "uv": [ 9, 0, 9.5, 1 ], "texture": "#Phone-1" }
    }
},
{
    "__comment": "1",
    "from": [ 6.5, 12, 6.75 ],
    "to": [ 7, 15, 7.25 ],
    "faces": {
        "down":  { "uv": [ 9.5, 7, 6.5, 6.5 ], "texture": "#Phone-1" },
        "up":    { "uv": [ 6.5, 6.5, 9.5, 7 ], "texture": "#Phone-1" },
        "north": { "uv": [ 6.5, 0, 9.5, 1 ], "texture": "#Phone-1" },
        "south": { "uv": [ 6.5, 0, 9.5, 1 ], "texture": "#Phone-1" },
        "west":  { "uv": [ 6.5, 0, 7, 1 ], "texture": "#Phone-1" },
        "east":  { "uv": [ 9, 0, 9.5, 1 ], "texture": "#Phone-1" }
    }
},
{
    "__comment": "1",
    "from": [ 9, 12, 6.75 ],
    "to": [ 9.5, 15, 7.25 ],
    "faces": {
        "down":  { "uv": [ 9.5, 7, 6.5, 6.5 ], "texture": "#Phone-1" },
        "up":    { "uv": [ 6.5, 6.5, 9.5, 7 ], "texture": "#Phone-1" },
        "north": { "uv": [ 6.5, 0, 9.5, 1 ], "texture": "#Phone-1" },
        "south": { "uv": [ 6.5, 0, 9.5, 1 ], "texture": "#Phone-1" },
        "west":  { "uv": [ 6.5, 0, 7, 1 ], "texture": "#Phone-1" },
        "east":  { "uv": [ 9, 0, 9.5, 1 ], "texture": "#Phone-1" }
    }
},
{
    "__comment": "1",
    "from": [ 6.5, 12, 6.75 ],
    "to": [ 9.5, 12.5, 7.25 ],
    "faces": {
        "down":  { "uv": [ 9.5, 7, 6.5, 6.5 ], "texture": "#Phone-1" },
        "up":    { "uv": [ 6.5, 6.5, 9.5, 7 ], "texture": "#Phone-1" },
        "north": { "uv": [ 6.5, 0, 9.5, 1 ], "texture": "#Phone-1" },
        "south": { "uv": [ 6.5, 0, 9.5, 1 ], "texture": "#Phone-1" },
        "west":  { "uv": [ 6.5, 0, 7, 1 ], "texture": "#Phone-1" },
        "east":  { "uv": [ 9, 0, 9.5, 1 ], "texture": "#Phone-1" }
    }
},
{
    "__comment": "4",
    "from": [ 7, 12.5, 6.8125 ],
    "to": [ 9, 14.5, 7.3125 ],
    "faces": {
        "down":  { "uv": [ 9.5, 7, 6.5, 6.5 ], "texture": "#Phone-4" },
        "up":    { "uv": [ 6.5, 6.5, 9.5, 7 ], "texture": "#Phone-4" },
        "north": { "uv": [ 6.5, 0, 9.5, 1 ], "texture": "#Phone-4" },
        "south": { "uv": [ 6.5, 0, 9.5, 1 ], "texture": "#Phone-4" },
        "west":  { "uv": [ 6.5, 0, 7, 1 ], "texture": "#Phone-4" },
        "east":  { "uv": [ 9, 0, 9.5, 1 ], "texture": "#Phone-4" }
    }
},
{
    "__comment": "1",
    "from": [ 4.5, 12, 6.9 ],
    "to": [ 5, 15, 7.4 ],
    "faces": {
        "down":  { "uv": [ 9.5, 7, 6.5, 6.5 ], "texture": "#Phone-1" },
        "up":    { "uv": [ 6.5, 6.5, 9.5, 7 ], "texture": "#Phone-1" },
        "north": { "uv": [ 6.5, 0, 9.5, 1 ], "texture": "#Phone-1" },
        "south": { "uv": [ 6.5, 0, 9.5, 1 ], "texture": "#Phone-1" },
        "west":  { "uv": [ 6.5, 0, 7, 1 ], "texture": "#Phone-1" },
        "east":  { "uv": [ 9, 0, 9.5, 1 ], "texture": "#Phone-1" }
    }
},
{
    "__comment": "1",
    "from": [ 5.5, 12, 6.9 ],
    "to": [ 6, 15, 7.4 ],
    "faces": {
        "down":  { "uv": [ 9.5, 7, 6.5, 6.5 ], "texture": "#Phone-1" },
        "up":    { "uv": [ 6.5, 6.5, 9.5, 7 ], "texture": "#Phone-1" },
        "north": { "uv": [ 6.5, 0, 9.5, 1 ], "texture": "#Phone-1" },
        "south": { "uv": [ 6.5, 0, 9.5, 1 ], "texture": "#Phone-1" },
        "west":  { "uv": [ 6.5, 0, 7, 1 ], "texture": "#Phone-1" },
        "east":  { "uv": [ 9, 0, 9.5, 1 ], "texture": "#Phone-1" }
    }
},
{
    "__comment": "1",
    "from": [ 4.5, 12, 6.9 ],
    "to": [ 6, 12.5, 7.4 ],
    "faces": {
        "down":  { "uv": [ 9.5, 7, 6.5, 6.5 ], "texture": "#Phone-1" },
        "up":    { "uv": [ 6.5, 6.5, 9.5, 7 ], "texture": "#Phone-1" },
        "north": { "uv": [ 6.5, 0, 9.5, 1 ], "texture": "#Phone-1" },
        "south": { "uv": [ 6.5, 0, 9.5, 1 ], "texture": "#Phone-1" },
        "west":  { "uv": [ 6.5, 0, 7, 1 ], "texture": "#Phone-1" },
        "east":  { "uv": [ 9, 0, 9.5, 1 ], "texture": "#Phone-1" }
    }
},
{
    "__comment": "1",
    "from": [ 4.5, 14.5, 6.9 ],
    "to": [ 6, 15, 7.4 ],
    "faces": {
        "down":  { "uv": [ 9.5, 7, 6.5, 6.5 ], "texture": "#Phone-1" },
        "up":    { "uv": [ 6.5, 6.5, 9.5, 7 ], "texture": "#Phone-1" },
        "north": { "uv": [ 6.5, 0, 9.5, 1 ], "texture": "#Phone-1" },
        "south": { "uv": [ 6.5, 0, 9.5, 1 ], "texture": "#Phone-1" },
        "west":  { "uv": [ 6.5, 0, 7, 1 ], "texture": "#Phone-1" },
        "east":  { "uv": [ 9, 0, 9.5, 1 ], "texture": "#Phone-1" }
    }
},
{
    "__comment": "4",
    "from": [ 5, 12.5, 6.9625 ],
    "to": [ 5.5, 14.5, 7.4625 ],
    "faces": {
        "down":  { "uv": [ 9.5, 7, 6.5, 6.5 ], "texture": "#Phone-4" },
        "up":    { "uv": [ 6.5, 6.5, 9.5, 7 ], "texture": "#Phone-4" },
        "north": { "uv": [ 6.5, 0, 9.5, 1 ], "texture": "#Phone-4" },
        "south": { "uv": [ 6.5, 0, 9.5, 1 ], "texture": "#Phone-4" },
        "west":  { "uv": [ 6.5, 0, 7, 1 ], "texture": "#Phone-4" },
        "east":  { "uv": [ 9, 0, 9.5, 1 ], "texture": "#Phone-4" }
    }
},
{
    "__comment": "4",
    "from": [ 5.5, 15, 8.6 ],
    "to": [ 6, 15.5, 9.1 ],
    "faces": {
        "down":  { "uv": [ 9.5, 9.25, 6.5, 8.75 ], "texture": "#Phone-4" },
        "up":    { "uv": [ 6.5, 8.75, 9.5, 9.25 ], "texture": "#Phone-4" },
        "north": { "uv": [ 6.5, 0.5, 9.5, 1 ], "texture": "#Phone-4" },
        "south": { "uv": [ 6.5, 0.5, 9.5, 1 ], "texture": "#Phone-4" },
        "west":  { "uv": [ 8.75, 0.5, 9.25, 1 ], "texture": "#Phone-4" },
        "east":  { "uv": [ 6.75, 0.5, 7.25, 1 ], "texture": "#Phone-4" }
    }
},
{
    "__comment": "5",
    "from": [ 4.5, 15, 8.6 ],
    "to": [ 5, 15.5, 9.1 ],
    "faces": {
        "down":  { "uv": [ 9.5, 9.25, 6.5, 8.75 ], "texture": "#Phone-5" },
        "up":    { "uv": [ 6.5, 8.75, 9.5, 9.25 ], "texture": "#Phone-5" },
        "north": { "uv": [ 6.5, 0.5, 9.5, 1 ], "texture": "#Phone-5" },
        "south": { "uv": [ 6.5, 0.5, 9.5, 1 ], "texture": "#Phone-5" },
        "west":  { "uv": [ 8.75, 0.5, 9.25, 1 ], "texture": "#Phone-5" },
        "east":  { "uv": [ 6.75, 0.5, 7.25, 1 ], "texture": "#Phone-5" }
    }
},
{
    "__comment": "4",
    "from": [ 10.5, 14.75, 8.6875 ],
    "to": [ 11.25, 15.5, 9.0625 ],
    "faces": {
        "down":  { "uv": [ 9.5, 9.25, 6.5, 8.75 ], "texture": "#Phone-4" },
        "up":    { "uv": [ 6.5, 8.75, 9.5, 9.25 ], "texture": "#Phone-4" },
        "north": { "uv": [ 6.5, 0.5, 9.5, 1 ], "texture": "#Phone-4" },
        "south": { "uv": [ 6.5, 0.5, 9.5, 1 ], "texture": "#Phone-4" },
        "west":  { "uv": [ 8.75, 0.5, 9.25, 1 ], "texture": "#Phone-4" },
        "east":  { "uv": [ 6.75, 0.5, 7.25, 1 ], "texture": "#Phone-4" }
    }
}
],
"display": {
    "thirdperson": {
        "rotation": [ 60, 180, -10 ],
        "translation": [ 0, 2, -2.5 ],
        "scale": [ 0.37, 0.37, 0.37 ]
    },
    "head": {
        "rotation": [ 0, -89, -20 ],
        "translation": [ 4, 0, 0 ],
        "scale": [ 0.6, 0.6, 0.6 ]
    },
    "ground": {
        "rotation": [ -90, 0, 0 ],
        "translation": [ 0, -10, 0 ],
        "scale": [ 2, 2, 2 ]
    },
    "fixed": {
        "rotation": [ 0, 180, 0 ],
        "translation": [ 0, 0, 0 ],
        "scale": [ 1, 1, 1 ]
    },
    "firstperson": {
        "rotation": [ -10, -90, 0 ],
        "translation": [ -1, 4, -1 ],
        "scale": [ 1, 1, 1 ]
    },
    "gui": {
        "rotation": [ -30, 135, 0 ],
        "translation": [ 0, 0, 0 ],
        "scale": [ 1.6, 1.6, 1.6 ]
    }
}
}