{
"__comment": "Designed by Optimus0812 with BDcraft Cubik PRO 0.95 Beta - http://bdcraft.net",
"textures": {
    "log_oak": "blocks/log_oak",
    "iron_block": "blocks/iron_block",
    "planks_oak": "blocks/planks_oak"
},
"elements": [ 
{
    "__comment": "1",
    "from": [ 15.5, 0, 0 ],
    "to": [ 16, 16, 16 ],
    "faces": {
        "down":  { "uv": [ 16, 16, 15.5, 0 ], "rotation": 180, "texture": "#log_oak" },
        "up":    { "uv": [ 0, 0, 0.5, 16 ], "rotation": 180, "texture": "#log_oak" },
        "north": { "uv": [ 0, 0, 0.5, 16 ], "texture": "#log_oak" },
        "south": { "uv": [ 15.5, 0, 16, 16 ], "texture": "#log_oak" },
        "west":  { "uv": [ 0, 0, 16, 16 ], "texture": "#log_oak" },
        "east":  { "uv": [ 0, 0, 16, 16 ], "texture": "#log_oak" }
    }
},
{
    "__comment": "2",
    "from": [ 5, 5, -1.5 ],
    "to": [ 11, 6, -0.5 ],
    "faces": {
        "down":  { "uv": [ 11, 16, 5, 16 ], "rotation": 180, "texture": "#iron_block" },
        "up":    { "uv": [ 5, 16, 11, 16 ], "rotation": 180, "texture": "#iron_block" },
        "north": { "uv": [ 5, 10, 11, 11 ], "texture": "#iron_block" },
        "south": { "uv": [ 5, 10, 11, 11 ], "texture": "#iron_block" },
        "west":  { "uv": [ 0, 10, 0, 11 ], "texture": "#iron_block" },
        "east":  { "uv": [ 16, 10, 16, 11 ], "texture": "#iron_block" }
    }
},
{
    "__comment": "2",
    "from": [ 10, 5, -0.5 ],
    "to": [ 11, 6, 0.5 ],
    "faces": {
        "down":  { "uv": [ 11, 16, 10, 15.5 ], "rotation": 180, "texture": "#iron_block" },
        "up":    { "uv": [ 5, 15.5, 6, 16 ], "rotation": 180, "texture": "#iron_block" },
        "west":  { "uv": [ 0, 10, 0.5, 11 ], "texture": "#iron_block" },
        "east":  { "uv": [ 15.5, 10, 16, 11 ], "texture": "#iron_block" }
    }
},
{
    "__comment": "2",
    "from": [ 5, 5, -0.5 ],
    "to": [ 6, 6, 0.5 ],
    "faces": {
        "down":  { "uv": [ 6, 16, 5, 15.5 ], "rotation": 180, "texture": "#iron_block" },
        "up":    { "uv": [ 10, 15.5, 11, 16 ], "rotation": 180, "texture": "#iron_block" },
        "west":  { "uv": [ 0, 10, 0.5, 11 ], "texture": "#iron_block" },
        "east":  { "uv": [ 15.5, 10, 16, 11 ], "texture": "#iron_block" }
    }
},
{
    "__comment": "2",
    "from": [ 13, 5, 0 ],
    "to": [ 14, 6, 0.5 ],
    "faces": {
        "down":  { "uv": [ 14, 16, 13, 15.5 ], "rotation": 180, "texture": "#iron_block" },
        "up":    { "uv": [ 2, 15.5, 3, 16 ], "rotation": 180, "texture": "#iron_block" },
        "north": { "uv": [ 2, 10, 3, 11 ], "texture": "#iron_block" },
        "west":  { "uv": [ 0, 10, 0.5, 11 ], "texture": "#iron_block" },
        "east":  { "uv": [ 15.5, 10, 16, 11 ], "texture": "#iron_block" }
    }
},
{
    "__comment": "2",
    "from": [ 9.5, 8, 0 ],
    "to": [ 10, 10, 0.5 ],
    "faces": {
        "down":  { "uv": [ 10, 16, 9.5, 15.5 ], "rotation": 180, "texture": "#iron_block" },
        "up":    { "uv": [ 6, 15.5, 6.5, 16 ], "rotation": 180, "texture": "#iron_block" },
        "north": { "uv": [ 6, 6, 6.5, 8 ], "texture": "#iron_block" },
        "west":  { "uv": [ 0, 6, 0.5, 8 ], "texture": "#iron_block" },
        "east":  { "uv": [ 15.5, 6, 16, 8 ], "texture": "#iron_block" }
    }
},
{
    "__comment": "2",
    "from": [ 6, 8, 0 ],
    "to": [ 6.5, 10, 0.5 ],
    "faces": {
        "down":  { "uv": [ 6.5, 16, 6, 15.5 ], "rotation": 180, "texture": "#iron_block" },
        "up":    { "uv": [ 9.5, 15.5, 10, 16 ], "rotation": 180, "texture": "#iron_block" },
        "north": { "uv": [ 9.5, 6, 10, 8 ], "texture": "#iron_block" },
        "west":  { "uv": [ 0, 6, 0.5, 8 ], "texture": "#iron_block" },
        "east":  { "uv": [ 15.5, 6, 16, 8 ], "texture": "#iron_block" }
    }
},
{
    "__comment": "2",
    "from": [ 6, 8, 0 ],
    "to": [ 10, 8.5, 0.5 ],
    "faces": {
        "down":  { "uv": [ 10, 16, 6, 15.5 ], "rotation": 180, "texture": "#iron_block" },
        "up":    { "uv": [ 6, 15.5, 10, 16 ], "rotation": 180, "texture": "#iron_block" },
        "north": { "uv": [ 6, 7.5, 10, 8 ], "texture": "#iron_block" },
        "west":  { "uv": [ 0, 7.5, 0.5, 8 ], "texture": "#iron_block" },
        "east":  { "uv": [ 15.5, 7.5, 16, 8 ], "texture": "#iron_block" }
    }
},
{
    "__comment": "2",
    "from": [ 6, 9.5, 0 ],
    "to": [ 10, 10, 0.5 ],
    "faces": {
        "down":  { "uv": [ 10, 16, 6, 15.5 ], "rotation": 180, "texture": "#iron_block" },
        "up":    { "uv": [ 6, 15.5, 10, 16 ], "rotation": 180, "texture": "#iron_block" },
        "north": { "uv": [ 6, 6, 10, 6.5 ], "texture": "#iron_block" },
        "west":  { "uv": [ 0, 6, 0.5, 6.5 ], "texture": "#iron_block" },
        "east":  { "uv": [ 15.5, 6, 16, 6.5 ], "texture": "#iron_block" }
    }
},
{
    "__comment": "1",
    "from": [ 0, 0, 0 ],
    "to": [ 0.5, 16, 16 ],
    "faces": {
        "down":  { "uv": [ 0.5, 16, 0, 0 ], "rotation": 180, "texture": "#log_oak" },
        "up":    { "uv": [ 15.5, 0, 16, 16 ], "rotation": 180, "texture": "#log_oak" },
        "north": { "uv": [ 15.5, 0, 16, 16 ], "texture": "#log_oak" },
        "south": { "uv": [ 0, 0, 0.5, 16 ], "texture": "#log_oak" },
        "west":  { "uv": [ 0, 0, 16, 16 ], "texture": "#log_oak" },
        "east":  { "uv": [ 0, 0, 16, 16 ], "texture": "#log_oak" }
    }
},
{
    "__comment": "1",
    "from": [ 0, 0, 0 ],
    "to": [ 16, 0.5, 16 ],
    "faces": {
        "down":  { "uv": [ 16, 16, 0, 0 ], "rotation": 180, "texture": "#log_oak" },
        "up":    { "uv": [ 0, 0, 16, 16 ], "rotation": 180, "texture": "#log_oak" },
        "north": { "uv": [ 0, 15.5, 16, 16 ], "texture": "#log_oak" },
        "south": { "uv": [ 0, 15.5, 16, 16 ], "texture": "#log_oak" },
        "west":  { "uv": [ 0, 15.5, 16, 16 ], "texture": "#log_oak" },
        "east":  { "uv": [ 0, 15.5, 16, 16 ], "texture": "#log_oak" }
    }
},
{
    "__comment": "1",
    "from": [ 0, 12, 0 ],
    "to": [ 16, 16, 16 ],
    "faces": {
        "down":  { "uv": [ 16, 16, 0, 0 ], "rotation": 180, "texture": "#log_oak" },
        "up":    { "uv": [ 0, 0, 16, 16 ], "rotation": 180, "texture": "#log_oak" },
        "north": { "uv": [ 0, 0, 16, 4 ], "texture": "#log_oak" },
        "south": { "uv": [ 0, 0, 16, 4 ], "texture": "#log_oak" },
        "west":  { "uv": [ 0, 0, 16, 4 ], "texture": "#log_oak" },
        "east":  { "uv": [ 0, 0, 16, 4 ], "texture": "#log_oak" }
    }
},
{
    "__comment": "3",
    "from": [ 0.5, 0.5, 0.5 ],
    "to": [ 15.5, 12, 15.5 ],
    "faces": {
        "north": { "uv": [ 0.5, 4, 15.5, 15.5 ], "texture": "#planks_oak" }
    }
},
{
    "__comment": "1",
    "from": [ 0, 0, 15.5 ],
    "to": [ 16, 16, 16 ],
    "faces": {
        "down":  { "uv": [ 16, 0.5, 0, 0 ], "rotation": 180, "texture": "#log_oak" },
        "up":    { "uv": [ 0, 0, 16, 0.5 ], "rotation": 180, "texture": "#log_oak" },
        "north": { "uv": [ 0, 0, 16, 16 ], "texture": "#log_oak" },
        "south": { "uv": [ 0, 0, 16, 16 ], "texture": "#log_oak" },
        "west":  { "uv": [ 15.5, 0, 16, 16 ], "texture": "#log_oak" },
        "east":  { "uv": [ 0, 0, 0.5, 16 ], "texture": "#log_oak" }
    }
}
]
}